,marketPriceBTCInUSD,tradeVolume,medianConfirmationTime,blocksSize,costPerTransactionPercent,difficulty,hashRate,numberOfTransactionsPerBlock,totalTransactions,totalAdressesTransactions,numberOfcirculatingBitcoins,marketCapitalization
2016-01-01,432.33,20406959.2119,7.78333333333,53710.0,2.61508751253,1467328.02,697129.166406,1304.0,101247924.0,232199.0,15031975.0,6498773751.75
2016-02-01,433.94,15069490.9225,10.0333333333,53789.0,3.26496108967,1498828.76,707457.005908,1235.0,101390828.0,334703.0,15035400.0,6524461476.0
2016-03-01,428.13,23322149.802,7.13333333333,53867.0,3.09621802909,1604631.24,769424.042922,1085.0,101531892.0,295177.0,15039125.0,6438700586.25
2016-04-01,433.0,21949458.6916,6.38333333333,53962.0,2.34811922524,1906932.0,903685.956452,1121.0,101702068.0,363742.0,15043500.0,6513835500.0
2016-05-01,431.9,20487753.0816,6.73333333333,54067.0,1.96487252098,1774245.2,841718.919438,968.0,101889080.0,365051.0,15047575.0,6499047642.5
2016-06-01,430.75,19156844.9786,9.45,54160.0,1.59425154919,1477472.5,702293.086157,1057.0,102066558.0,338929.0,15050975.0,6483207481.25
2016-07-01,453.71,58478075.9822,10.0,54257.0,1.2929318122,1648782.14,743604.444166,1117.0,102244431.0,326219.0,15054575.0,6830411223.25
2016-08-01,447.04,41191540.305,7.21666666667,54366.0,1.62787431172,1971446.4,903685.956452,1252.0,102434432.0,366508.0,15058950.0,6731953008.0
2016-09-01,450.15,17656850.6046,7.21666666667,54462.0,2.56124588564,1802400.6,821063.240434,1389.0,102612806.0,371151.0,15062925.0,6780575688.75
2016-10-01,446.24,20063783.1186,6.68333333333,54552.0,2.23139857559,1909014.72,877866.357696,1504.0,102777493.0,363228.0,15067175.0,6723576172.0
2016-11-01,447.11,25254134.411,6.7,54660.0,1.79254076233,1914972.13,877866.357696,1369.0,102957264.0,365605.0,15071425.0,6738584831.75
2016-12-01,446.66,20987190.7616,6.73333333333,54763.0,1.99941861437,1980490.44,908849.876203,1386.0,103153920.0,372889.0,15075825.0,6733767994.5
2016-13-01,429.57,45901744.1211,7.45,54864.0,1.54323616908,1657710.63,862135.539442,1222.0,103345548.0,341119.0,15079650.0,6477765250.5
2016-14-01,431.9,19112138.8037,8.88333333333,54961.0,1.62865554465,1439090.8,743803.210499,1380.0,103528938.0,354601.0,15082950.0,6514326105.0
2016-15-01,391.62,116205455.818,10.5,55057.0,0.95480918402,1217938.2,693089.355238,1342.0,103714043.0,344968.0,15086025.0,5907989110.5
2016-16-01,370.4,71683286.4755,9.3,55162.0,1.15354507695,1300104.0,783247.320146,1568.0,103904344.0,393797.0,15089500.0,5589150800.0
2016-17-01,385.45,25665045.6335,8.43333333333,55265.0,1.94828097687,1352544.05,783247.320146,1370.0,104097075.0,447783.0,15092975.0,5817587213.75
2016-18-01,385.28,25780217.133,5.95,55381.0,2.29852085995,1700240.64,986102.741192,1122.0,104311009.0,395421.0,15097350.0,5816707008.0
2016-19-01,378.66,25270093.755,8.31666666667,55493.0,1.65217437466,1425654.9,839596.048215,1166.0,104516744.0,382142.0,15101075.0,5718173059.5
2016-20-01,408.33,78165567.7533,8.58333333333,55619.0,1.177138386,1509187.68,822691.429794,1217.0,104712777.0,387569.0,15104725.0,6167712359.25
2016-21-01,408.0,37002467.8592,9.16666666667,55731.0,1.02354601937,1384752.0,755072.956112,1440.0,104923017.0,406195.0,15108075.0,6164094600.0
2016-22-01,385.7,59059297.6044,8.33333333333,55850.0,1.57458577823,1610297.5,929754.013123,1470.0,105149123.0,413921.0,15112200.0,5828775540.0
2016-23-01,388.5,24905687.7316,6.48333333333,55959.0,1.60623485081,1754466.0,1008642.23242,1563.0,105350036.0,435226.0,15116675.0,5872828237.5
2016-24-01,404.75,26166918.645,8.03333333333,56058.0,2.11765489098,1694688.25,935388.88593,1309.0,105543608.0,383842.0,15120825.0,6120153918.75
2016-25-01,387.09,27947836.8106,6.9,56170.0,0.941045342855,1691196.21,974832.995578,1186.0,105754200.0,404020.0,15125150.0,5854794313.5
2016-26-01,394.12,23253230.3312,8.51666666667,56293.0,1.31246279038,1634415.64,978569.915444,942.0,105990375.0,462802.0,15129250.0,5962740010.0
2016-27-01,394.45,17463880.6874,7.66666666667,56405.0,1.14146154694,1537171.65,918901.018161,1260.0,106216760.0,414610.0,15133100.0,5969251295.0
2016-28-01,382.44,30483418.7072,9.55,56525.0,0.950421538653,1434150.0,883099.679791,1414.0,106448214.0,445935.0,15136800.0,5788917792.0
2016-29-01,377.26,54312432.201,7.05,56637.0,1.10149586716,1620331.7,1014371.25381,1149.0,106670836.0,424226.0,15141050.0,5712112523.0
2016-30-01,378.24,14343796.7501,7.25,56750.0,1.14685286792,1689976.32,1056139.48191,1086.0,106880820.0,428332.0,15145475.0,5728624464.0
2016-31-01,376.86,17760429.7968,6.81666666667,56843.0,2.22902999013,1698131.16,1068073.26137,1199.0,107049445.0,384209.0,15149950.0,5709410157.0
2016-01-02,372.0,28865406.8139,8.55,56968.0,1.09827295342,1655772.0,1050172.59218,1218.0,107271209.0,437884.0,15154350.0,5637418200.0
2016-02-02,373.48,19943929.1014,8.66666666667,57103.0,1.07385649411,1552556.36,978569.915444,1165.0,107503207.0,451155.0,15158450.0,5661377906.0
2016-03-02,368.38,23767287.735,7.48333333333,57224.0,1.50164484844,1620135.24,1038238.81273,1369.0,107703294.0,388710.0,15162800.0,5585672264.0
2016-04-02,385.06,41655064.8085,6.88333333333,57341.0,1.4837092758,1796689.96,1103874.59974,1365.0,107904359.0,399236.0,15167425.0,5840368670.5
2016-05-02,386.49,24231098.3145,6.16666666667,57455.0,1.12709879872,1755051.09,1074040.1511,1384.0,108120269.0,393084.0,15171925.0,5863797293.25
2016-06-02,373.04,30866009.8532,6.51666666667,57579.0,1.48634280868,1796933.68,1139675.93811,1184.0,108353021.0,441758.0,15176700.0,5661516168.0
2016-07-02,373.74,15640570.8048,6.83333333333,57700.0,2.15419087526,1714719.12,1303860.28146,1276.0,108565155.0,452004.0,15181250.0,5673840375.0
2016-08-02,375.8,24531012.2045,7.73333333333,57821.0,1.63712806502,1527627.0,1153414.86437,1245.0,108785714.0,396540.0,15185275.0,5706626345.0
2016-09-02,372.61,21330382.4776,8.31666666667,57946.0,1.46448001512,1589926.87,1210727.40421,1049.0,109016513.0,429776.0,15189500.0,5659759595.0
2016-10-02,378.98,36978851.3269,7.26666666667,58066.0,1.24559323361,1617865.62,1210727.40421,1401.0,109250454.0,396665.0,15193725.0,5758117900.5
2016-11-02,376.75,26042971.8176,5.98333333333,58188.0,1.35056115664,1824977.0,1375500.95627,1468.0,109477917.0,429313.0,15198525.0,5726044293.75
2016-12-02,381.46,22212756.8286,7.1,58293.0,1.29260241894,1531180.44,1139086.72941,1624.0,109680823.0,392638.0,15202500.0,5799145650.0
2016-13-02,388.6,18777635.9201,7.65,58395.0,1.25329830856,1500384.6,1096102.32453,1182.0,109871383.0,407580.0,15206325.0,5909177895.0
2016-14-02,402.38,30702017.3075,6.21666666667,58497.0,1.73930446845,1824390.92,1289532.1465,1550.0,110060310.0,390085.0,15210825.0,6120531763.5
2016-15-02,402.64,34078398.8376,8.23333333333,58608.0,1.03981470472,1505873.6,1060281.98712,1425.0,110267707.0,424653.0,15214525.0,6125976346.0
2016-16-02,406.69,28047318.6816,8.65,58717.0,1.01959811041,1531594.54,1067446.0546,1660.0,110486487.0,424752.0,15218250.0,6189110092.5
2016-17-02,418.04,39099468.2342,9.5,58833.0,0.865280548975,1481533.76,1002969.44728,1730.0,110713890.0,436155.0,15221750.0,6363300370.0
2016-18-02,418.97,32029699.8436,5.93333333333,58945.0,1.26173860214,1902961.74,1289532.1465,1826.0,110926655.0,416530.0,15226250.0,6379341962.5
2016-19-02,418.02,22201850.3562,9.23333333333,59052.0,1.09837789484,1471848.42,1129682.78043,1830.0,111142207.0,411494.0,15229725.0,6366329644.5
2016-20-02,439.48,49142940.239,7.9,59169.0,1.15507521283,1754843.64,1284099.85114,1508.0,111367466.0,440841.0,15233675.0,6694895489.0
2016-21-02,434.67,45001750.1744,9.91666666667,59274.0,1.01364971626,1386597.3,1024028.99521,1399.0,111576742.0,399688.0,15236825.0,6622990722.75
2016-22-02,438.5,25463328.1084,10.4,59385.0,1.01518133243,1443980.5,1056537.8522,1392.0,111801706.0,469044.0,15240075.0,6682772887.5
2016-23-02,417.0,41312427.126,9.16666666667,59505.0,0.908054544686,1427391.0,1097173.92344,1508.0,112048284.0,464117.0,15243450.0,6356518650.0
2016-24-02,423.1,29085738.813,9.83333333333,59615.0,0.942228945892,1319648.9,999647.352469,1968.0,112273396.0,411081.0,15246525.0,6450804727.5
2016-25-02,421.4,22095111.3957,8.96666666667,59736.0,1.02774329771,1547380.8,1178446.06592,2036.0,112492095.0,412050.0,15250150.0,6426413210.0
2016-26-02,424.34,24487221.7856,7.46666666667,59849.0,1.12656043421,1609521.62,1219082.13716,1760.0,112701975.0,404307.0,15253900.0,6472839926.0
2016-27-02,432.0,18649773.6191,8.55,59946.0,0.959931828288,1431216.0,1064665.06645,1663.0,112884398.0,378857.0,15257175.0,6591099600.0
2016-28-02,433.47,22184549.4353,8.95,60050.0,1.11513724504,1632881.49,1210954.92291,1395.0,113109095.0,412223.0,15260900.0,6615142323.0
2016-29-02,436.18,31357633.0752,11.4166666667,60171.0,0.660143038863,1495225.04,1097173.92344,1497.0,113374790.0,470332.0,15264275.0,6657971469.5
2016-01-03,431.87,30939871.9084,12.4166666667,60285.0,0.630642949497,1405736.85,1040283.42371,1233.0,113635409.0,451258.0,15267475.0,6593564428.25
2016-02-03,429.99,26429723.2544,9.98333333333,60427.0,0.726549086428,1720819.98,1275972.63689,1184.0,113911857.0,483756.0,15271400.0,6566549286.0
2016-03-03,421.44,33471079.525,10.8,60549.0,0.661068514046,1431631.68,1080919.49495,1447.0,114133114.0,410737.0,15274725.0,6437380104.0
2016-04-03,416.48,32002741.2982,9.56666666667,60676.0,0.968735774337,1604280.96,1235336.56565,1137.0,114345218.0,419365.0,15278525.0,6363200092.0
2016-05-03,401.0,50904367.533,8.33333333333,60798.0,0.80896842456,1619238.0,1292227.06539,1196.0,114583335.0,422768.0,15282500.0,6128282500.0
2016-06-03,408.86,24330044.9112,8.76666666667,60889.0,1.05971478753,1437551.76,1094688.80322,1189.0,114754821.0,312335.0,15285975.0,6249823738.5
2016-07-03,411.94,25774187.7886,7.35,60990.0,1.26281433026,1614392.86,1220696.14747,1209.0,114938351.0,372418.0,15289850.0,6298500809.0
2016-08-03,412.39,21813407.596,8.5,61088.0,1.16562119212,1399239.27,1055311.50814,1077.0,115132280.0,363851.0,15293200.0,6306762748.0
2016-09-03,413.1,19572952.0075,8.21666666667,61206.0,1.50794119043,1725518.7,1299450.73763,1241.0,115319903.0,330958.0,15297325.0,6319324957.5
2016-10-03,416.0,24022113.591,6.83333333333,61318.0,1.21702670421,1692288.0,1267948.90157,1300.0,115512514.0,374551.0,15301350.0,6365361600.0
2016-11-03,421.22,25307656.1388,7.15,61420.0,1.25779486694,1733741.52,1283699.8196,1270.0,115706388.0,352895.0,15305425.0,6446951118.5
2016-12-03,410.0,24825381.6222,7.16666666667,61507.0,1.58352261809,1501010.0,1141941.55731,1533.0,115881816.0,328987.0,15309050.0,6276710500.0
2016-13-03,412.44,14705841.4384,8.3,61581.0,1.93064353847,1362701.76,1031685.13109,1475.0,116022932.0,310285.0,15312325.0,6315415323.0
2016-14-03,413.89,20282050.7868,7.6,61691.0,1.4075659721,1580232.02,1189194.31141,1398.0,116210333.0,393384.0,15316100.0,6339180629.0
2016-15-03,414.78,20597238.3355,8.4,61796.0,1.35411927911,1593584.76,1197069.77042,1165.0,116408010.0,367761.0,15319900.0,6354388122.0
2016-16-03,415.99,19419077.2239,7.1,61903.0,1.68128128351,1787925.02,1338828.03271,1501.0,116623983.0,369886.0,15324150.0,6374693158.5
2016-17-03,418.64,18657007.429,7.7,62004.0,1.24266611209,1432167.44,1063186.96715,1412.0,116830956.0,394142.0,15327525.0,6416715066.0
2016-18-03,408.87,28073923.8525,8.81666666667,62105.0,1.17386322766,1427774.04,1135311.13693,1244.0,117034534.0,364177.0,15330975.0,6268375748.25
2016-19-03,405.59,15007027.5693,8.05,62196.0,1.48871929088,1384278.67,1110630.46004,1291.0,117223397.0,350288.0,15334350.0,6219459016.5
2016-20-03,410.77,13576322.2292,7.61666666667,62290.0,2.21429270024,1563801.39,1242260.73678,1197.0,117399360.0,352210.0,15338125.0,6300441606.25
2016-21-03,410.49,18209312.2497,9.16666666667,62388.0,1.36791337047,1308642.12,1036588.42937,1104.0,117588588.0,375082.0,15341275.0,6297439974.75
2016-22-03,415.35,21365652.9856,7.26666666667,62496.0,1.26502173236,1565038.8,1225806.95219,1055.0,117799076.0,399764.0,15345000.0,6373545750.0
2016-23-03,417.8,16895793.7908,7.65,62595.0,1.43495696805,1593071.4,1242260.73678,1276.0,117986953.0,322191.0,15348775.0,6412718195.0
2016-24-03,416.47,17536542.0868,7.86666666667,62697.0,1.13916363742,1588000.11,1242260.73678,1128.0,118181938.0,381250.0,15352550.0,6393876498.5
2016-25-03,416.44,14830264.68,7.26666666667,62789.0,1.15109074357,1523337.52,1192899.383,1307.0,118355547.0,326933.0,15356175.0,6394925517.0
2016-26-03,415.71,12371345.8365,7.76666666667,62878.0,1.53173521634,1541868.39,1209353.1676,1671.0,118517945.0,323407.0,15359850.0,6385243243.5
2016-27-03,426.8,25434491.6184,7.28333333333,62971.0,1.42765828953,1646594.4,1258714.52138,1487.0,118679431.0,310868.0,15363675.0,6557216490.0
2016-28-03,422.96,19238321.7855,9.2,63077.0,1.25657982442,1519272.32,1168218.70611,1311.0,118860731.0,349278.0,15367225.0,6499721486.0
2016-29-03,414.0,30415319.922,7.0,63195.0,1.51803246461,1780614.0,1398571.69042,1202.0,119052572.0,341678.0,15371475.0,6363790650.0
2016-30-03,412.35,19975338.1149,8.5,63323.0,1.06080651362,1660945.8,1308075.87516,1225.0,119260478.0,402557.0,15375450.0,6340066807.5
2016-31-03,416.94,18808489.1414,9.31666666667,63427.0,1.07715237849,1321282.86,1028361.53707,1454.0,119469454.0,337655.0,15378575.0,6411943060.5
2016-01-04,416.25,16409420.6304,8.63333333333,63527.0,1.20037741366,1444803.75,1136310.01874,1410.0,119673265.0,332670.0,15382000.0,6402757500.0
2016-02-04,418.07,13685333.025,10.6333333333,63650.0,1.64494627869,1591174.42,1244135.05701,1506.0,119869916.0,394636.0,15385750.0,6432320502.5
2016-03-04,418.07,10626132.6415,8.31666666667,63756.0,2.04733477193,1554802.33,1219252.35587,1527.0,120046638.0,334761.0,15389425.0,6433856909.75
2016-04-04,418.99,15550675.1492,6.96666666667,63865.0,1.55533903685,1735875.57,1360254.329,1281.0,120247617.0,404374.0,15393525.0,6449733039.75
2016-05-04,421.77,18164095.9885,8.63333333333,63981.0,1.13793515479,1591759.98,1235840.8233,1044.0,120464301.0,395942.0,15397250.0,6494098132.5
2016-06-04,421.09,15707133.7908,7.26666666667,64091.0,1.08924816491,1650251.71,1285606.22558,1439.0,120682886.0,390324.0,15401125.0,6485259726.25
2016-07-04,420.33,17028964.2194,9.05,64197.0,0.979781133177,1558583.64,1210958.12216,1580.0,120902801.0,372004.0,15404775.0,6475089075.75
2016-08-04,422.2,20186636.2392,7.8,64300.0,1.21894199116,1506409.6,1169486.95359,1418.0,121118242.0,370187.0,15408300.0,6505384260.0
2016-09-04,417.73,12511808.476,7.03333333333,64402.0,1.69273494324,1707680.24,1343665.86157,1395.0,121325797.0,375080.0,15412350.0,6438200965.5
2016-10-04,421.63,9701992.4954,6.23333333333,64500.0,2.19577150436,1848004.29,1443196.66613,1495.0,121507459.0,320083.0,15416700.0,6500143221.0
2016-11-04,420.69,15796771.1496,8.28333333333,64613.0,1.44539249318,1607456.49,1252429.29072,1347.0,121724837.0,414497.0,15420475.0,6487239627.75
2016-12-04,425.89,25818110.244,7.53333333333,64733.0,1.12780130122,1639676.5,1260723.52444,1251.0,121965037.0,413984.0,15424275.0,6569044479.75
2016-13-04,424.61,16364789.57,8.15,64847.0,1.28066759925,1685701.7,1302194.693,1504.0,122187748.0,355716.0,15428200.0,6550968002.0
2016-14-04,423.76,12971709.8742,7.38333333333,64970.0,1.51935455775,1767502.96,1465554.23047,1518.0,122418029.0,415731.0,15432325.0,6539602042.0
2016-15-04,429.09,22879890.5172,8.2,65078.0,1.30424628201,1574760.3,1287911.29344,1522.0,122634879.0,367142.0,15435950.0,6623411785.5
2016-16-04,429.43,13788621.1134,7.96666666667,65179.0,1.79985092607,1550671.73,1270146.99974,1303.0,122827500.0,357397.0,15439525.0,6630195220.75
2016-17-04,425.71,12692790.0046,7.16666666667,65278.0,2.06744177911,1642389.18,1358968.46825,1514.0,123018978.0,351044.0,15443350.0,6574388528.5
2016-18-04,427.28,17694903.8592,8.73333333333,65383.0,1.39373101134,1460870.32,1199089.82493,1284.0,123222143.0,398662.0,15446725.0,6600076658.0
2016-19-04,435.91,17920859.9415,8.11666666667,65496.0,1.37430446307,1629131.43,1332322.0277,1372.0,123449938.0,389402.0,15450475.0,6636133517.25
2016-20-04,442.34,35503227.4272,7.36666666667,65610.992771,1.33237633065,1843768.25482,1465554.23046,1313.81818182,123666718.0,371250.0,15455525.0,6836596928.5
2016-21-04,451.0,29501269.424,7.8,65721.49313,1.10047762036,1721837.3624,1341204.17454,1409.2384106,123879513.0,401733.0,15459300.0,6972144300.0
2016-22-04,447.25,23844241.7205,8.6,65832.30556,1.09898560548,1618011.29057,1270146.99973,1475.35664336,124090489.0,359204.0,15462875.0,6915770843.75
2016-23-04,451.29,16802671.908,7.35,65926.576793,1.63325513345,1639604.70135,1279029.14659,1286.22222222,124275705.0,366327.0,15466475.0,6979865502.75
2016-24-04,459.4,29353633.4626,8.78333333333,66022.678047,1.38596705158,1531303.6199,1172443.38437,1387.53787879,124458860.0,376201.0,15469775.0,7106814635.0
2016-25-04,463.86,36817995.5136,9.68333333333,66133.737654,0.888459741785,1492839.92841,1128032.65011,1713.1023622,124676424.0,407004.0,15472950.0,7177282587.0
2016-26-04,467.98,34854624.5998,7.75,66256.527787,1.12996217213,1924687.35344,1341204.17454,1660.55629139,124927168.0,436154.0,15476725.0,7242797765.5
2016-27-04,447.31,42654741.3584,10.3666666667,66369.447075,0.873766810515,1463200.88494,1145796.94382,1856.08527132,125166603.0,392821.0,15479950.0,6924336434.5
2016-28-04,450.0,38051508.648,10.0,66491.604863,0.904081766364,1552496.67705,1207843.18309,1836.72592593,125414561.0,374956.0,15483325.0,6967496250.0
2016-29-04,456.16,21063414.658,7.43333333333,66620.034762,0.911930843751,1824603.31899,1403229.58036,1657.49367089,125676445.0,426515.0,15487275.0,7064675364.0
2016-30-04,447.17,17046473.3408,7.31666666667,66730.636844,1.35667311466,1650450.46585,1296655.18185,1477.47945205,125892157.0,371890.0,15490925.0,6927076932.25
2016-01-05,451.9,10517715.5446,7.55,66827.623072,2.07052432543,1766704.32031,1376585.98073,1235.03225806,126083587.0,370083.0,15494800.0,7002100120.0
2016-02-05,443.9,34283316.48,8.25,66945.543491,1.23018877061,1762341.41699,1394348.38048,1425.38216561,126307372.0,391943.0,15498725.0,6879884027.5
2016-03-05,450.96,23866897.4145,7.34166666667,67063.056171,1.18687683391,1722607.80088,1341061.18123,1560.32450331,126542981.0,374677.0,15502500.0,6991007400.0
2016-04-05,447.37,18922797.276,7.35,67182.121469,0.980783120127,1900230.17376,1492041.57911,1399.35928144,126776674.0,394207.0,15506675.0,6937221194.75
2016-05-05,448.51,19214683.7397,7.33333333333,67292.308494,1.37004399849,1769132.6279,1385467.18061,1481.16129032,127006254.0,374537.0,15510550.0,6956636780.5
2016-06-05,460.91,32475379.4496,6.51666666667,67403.422557,1.25726125801,1887205.00671,1438754.37986,1439.7037037,127239486.0,375533.0,15514600.0,7150834286.0
2016-07-05,459.04,15060351.768,7.93333333333,67500.40094,1.71175582262,1738667.632,1332179.98135,1347.08,127441548.0,337042.0,15518350.0,7123543384.0
2016-08-05,457.82,12940418.121,6.86666666667,67595.699639,2.59604106162,1881265.30804,1447635.57974,1138.41717791,127627110.0,349946.0,15522500.0,7106510950.0
2016-09-05,461.63,23824164.1218,7.0,67706.054529,1.4567102677,2015490.71892,1536447.57849,1324.2748538,127853561.0,405580.0,15526825.0,7167648224.75
2016-10-05,450.0,28095275.361,7.83333333333,67820.906148,1.17304311229,1799145.83579,1403229.58036,1555.19620253,128099282.0,405856.0,15530775.0,6988848750.0
2016-11-05,452.51,20927427.4956,9.48333333333,67929.037246,1.06667253257,1525359.47321,1284309.11259,1762.4962406,128333694.0,383199.0,15534100.0,7029335591.0
2016-12-05,454.7,22652718.674,8.28333333333,68037.456408,1.01291010455,1601340.81171,1342247.86954,1643.23021583,128562103.0,377121.0,15537575.0,7064935352.5
2016-13-05,456.82,15841283.8822,7.96666666667,68153.385881,1.26141151872,1757652.48646,1467781.84295,1527.27631579,128794249.0,378733.0,15541375.0,7099610927.5
2016-14-05,455.65,10458258.4269,9.81666666667,68270.363263,1.60559436659,1662212.65022,1390530.16701,1467.22222222,129005529.0,369111.0,15544975.0,7083067858.75
2016-15-05,457.08,9548354.6085,8.58333333333,68378.46314,1.65465846813,1609202.06235,1342247.86954,1440.07913669,129205700.0,353892.0,15548450.0,7106885526.0
2016-16-05,454.88,17875806.6495,10.9,68506.316804,1.1775874499,1630979.37464,1361560.78853,1700.77304965,129445509.0,424856.0,15551975.0,7074282388.0
2016-17-05,452.89,16508087.6112,7.78333333333,68628.695321,1.12435872001,1622904.53679,1361560.78853,1692.38297872,129684135.0,393224.0,15555500.0,7044930395.0
2016-18-05,452.9,14866087.635,9.96666666667,68763.342408,1.13308370261,1770178.4303,1487094.76194,1536.49673203,129919219.0,412831.0,15559325.0,7046818292.5
2016-19-05,441.87,26518499.388,11.6166666667,68878.998516,0.844816910611,1361086.73281,1168431.59867,1826.21666667,130138365.0,372460.0,15562325.0,6876524547.75
2016-20-05,441.25,25045661.4336,8.01666666667,68995.465601,1.07324372616,1666418.67319,1438812.46448,1405.34228188,130347761.0,354677.0,15566050.0,6868519562.5
2016-21-05,443.89,11310985.6272,8.56666666667,69121.138542,1.56048763437,1589937.02795,1361560.78853,1357.87943262,130539222.0,354128.0,15569575.0,6911178646.75
2016-22-05,438.0,12185445.8837,6.75,69232.197591,2.3973285219,2033724.97348,1776788.54673,1001.89130435,130723570.0,338084.0,15574175.0,6821488650.0
2016-23-05,442.17,16267423.8436,7.55,69348.808337,1.59269461293,2025077.24076,1747819.16826,1237.52777778,130946325.0,414216.0,15578675.0,6888422724.75
2016-24-05,445.34,15674746.7744,8.18333333333,69473.753543,1.12665688329,1663136.18974,1456454.92276,1676.98639456,131192842.0,406728.0,15582350.0,6939443749.0
2016-25-05,447.94,17482963.7888,9.9,69594.886047,0.921762205721,1583655.90402,1377192.06982,1795.97101449,131440686.0,397464.0,15585800.0,6981503252.0
2016-26-05,452.49,16430495.235,9.85,69707.648563,0.944828566452,1575322.67973,1357376.35658,1630.31851852,131660779.0,364137.0,15589175.0,7053945795.75
2016-27-05,470.29,62133880.5648,11.0166666667,69839.438719,0.495674300965,1667597.59254,1377192.06982,1548.89208633,131876075.0,407566.0,15592650.0,7333067368.5
2016-28-05,522.43,68432471.5568,9.11666666667,69954.266231,0.678784019365,1764424.68141,1317744.93011,1451.53383459,132069129.0,377266.0,15595975.0,8147805219.25
2016-29-05,512.16,72487384.5528,7.76666666667,70054.237741,0.920267644684,1906764.23665,1456454.92276,1215.93197279,132247871.0,354651.0,15599650.0,7989516744.0
2016-30-05,525.15,41187985.5816,9.46666666667,70183.64685,0.832608340227,1934163.22268,1436639.20952,1467.84027778,132459240.0,403738.0,15603250.0,8194046737.5
2016-31-05,531.15,59032595.9724,9.51666666667,70293.758388,0.778997443803,1714201.23967,1258297.79041,1694.87401575,132674489.0,392767.0,15606425.0,8289352638.75
2016-01-06,539.47,34219344.816,10.85,70414.778065,1.0162677264,1972575.77046,1426731.35291,1639.05594406,132908874.0,405301.0,15610000.0,8421126700.0
2016-02-06,539.99,26922628.8648,9.86666666667,70528.881764,0.997870240292,1894573.92114,1367284.2132,1674.63043478,133139973.0,392655.0,15613450.0,8431106865.5
2016-03-06,568.0,60092817.477,9.63333333333,70647.105063,1.26055623407,2047467.65164,1406915.63967,1652.59859155,133374642.0,402066.0,15617000.0,8870456000.0
2016-04-06,573.74,45168189.7968,10.6166666667,70747.131228,1.29108865536,1733523.11579,1179034.93747,1652.64705882,133571307.0,368869.0,15619975.0,8961804456.5
2016-05-06,574.02,30675648.696,6.53333333333,70852.037756,1.77168966371,2479401.3901,1694243.48158,1120.75294118,133761835.0,368586.0,15624225.0,8968617634.5
2016-06-06,584.5,34509545.4635,6.51666666667,70971.965463,1.41141809597,2514600.57566,1684335.62496,1301.00588235,133983006.0,414350.0,15628475.0,9134843637.5
2016-07-06,577.54,47316934.322,9.93333333333,71085.949397,1.04442308528,2169535.0617,1406915.63967,1775.54285714,134231582.0,424994.0,15631975.0,9028090841.5
2016-08-06,578.68,28300189.1564,7.91666666667,71201.471961,1.1807550319,2112419.15447,1403462.33971,1596.75694444,134461515.0,401953.0,15635575.0,9047994541.0
2016-09-06,575.2941375,30222288.2144,7.08333333333,71320.374441,1.13764253215,2410788.56682,1608133.93092,1432.44242424,134697868.0,426447.0,15639700.0,9023950503.0
2016-10-06,577.549875,24377615.4694,8.68333333333,71438.836407,0.954288736532,2116658.57487,1403462.33971,1585.88194444,134926235.0,407301.0,15643300.0,9064666618.0
2016-11-06,594.4399875,24538115.3284,7.61,71547.431252,1.43785453674,2364669.10434,1520417.53468,1366.40384615,135139394.0,374995.0,15647200.0,9376115184.0
2016-12-06,664.8465,143472595.475,8.25,71668.618192,0.825261132814,2467036.73097,1422954.8722,1443.2260274,135350105.0,411623.0,15650850.0,10428630880.5
2016-13-06,702.0665,146971122.839,9.7,71816.030235,1.47597592579,2830943.5,1569148.86592,1561.20496894,135601459.0,451922.0,15654875.0,11010699782.5
2016-14-06,685.241875,84746672.7106,12.92,71943.116517,0.931735055138,2277298.23,1296253.41098,1861.89473684,135849091.0,420352.0,15658175.0,10717864205.8
2016-15-06,692.289625,48065817.394,14.13,72084.519663,1.17105889183,2681772.1,1500925.00219,1704.61038961,136111601.0,445830.0,15661975.0,10889771217.5
2016-16-06,762.43005,169439516.676,9.66,72227.217517,0.673816568617,2863856.7,1452193.67095,1797.7852349,136379471.0,471278.0,15665700.0,12027967803.0
2016-17-06,743.9164,128874495.581,9.3,72365.899824,0.911364263543,2779037.6,1452193.67095,1703.03355705,136633223.0,453509.0,15669425.0,11680772866.2
2016-18-06,754.36625,85041797.5195,7.75,72503.998944,1.47632563402,3016479.9,1549656.33343,1486.10691824,136869514.0,423334.0,15673375.0,11881985587.5
2016-19-06,760.8168,40868096.6248,6.0,72631.988983,2.22583171508,3392968.32,1725089.12589,1233.3220339,137087812.0,414283.0,15677800.0,12010449024.0
2016-20-06,729.192585714,36207387.1844,8.6,72759.95699,1.42892089577,3057429.0,1598387.66467,1520.32926829,137337146.0,465928.0,15681900.0,11665765410.0
2016-21-06,665.9586125,149642818.365,9.56666666667,72896.278581,0.813262904548,2506373.5,1551383.97529,1665.53020134,137585310.0,468641.0,15685625.0,10539955718.8
2016-22-06,587.4542375,106868002.098,12.6333333333,73018.266632,0.677237287705,1909240.0,1343144.51552,1826.6744186,137820951.0,422909.0,15688850.0,9256421500.0
2016-23-06,624.542,145480129.316,9.78333333333,73147.038052,0.733953312477,2193393.95,1457676.21839,1723.57142857,138062251.0,431633.0,15692350.0,9820115706.5
2016-24-06,660.60465,117308802.548,11.25,73269.641307,0.999870025114,2149986.78,1353556.48851,1837.6,138301139.0,437104.0,15695575.0,10357666898.2
2016-25-06,664.9068875,64948673.829,7.78333333333,73402.016245,1.80176208427,2760622.55,1728387.5161,1271.07228916,138512137.0,409197.0,15699625.0,10441035606.2
2016-26-06,627.3926125,50909007.7638,7.05,73514.290146,1.44071866698,2297205.75,1530560.02931,1250.03401361,138695892.0,388840.0,15703275.0,9815960169.75
2016-27-06,646.7030125,59731341.4329,8.91666666667,73628.539644,1.17919905279,2386530.51,1530560.02931,1476.3877551,138912921.0,379861.0,15706950.0,10188941395.5
2016-28-06,646.378475,55881769.6312,8.7,73742.015513,1.19929606882,2418860.27,1551383.97529,1429.91946309,139125979.0,428929.0,15710650.0,10196368956.5
2016-29-06,637.959625,68912927.9088,9.88333333333,73853.64116,1.19084337273,2340735.1,1520148.05633,1535.01369863,139350091.0,371774.0,15714300.0,10063752006.0
2016-30-06,671.407925,66687600.5481,9.43333333333,73973.267732,1.12907250823,2538866.97,1561795.94828,1546.4,139582051.0,402792.0,15718050.0,10633103644.5
2016-01-07,675.1863375,61281896.9689,8.16666666667,74091.291979,1.37245645203,2649743.25,1634679.7592,1340.18471338,139792460.0,375377.0,15721925.0,10608368893.8
2016-02-07,701.7121125,45483640.6541,8.1,74194.819736,1.56707915535,2625265.08,1551383.97529,1334.73154362,139991335.0,344995.0,15725650.0,11079978477.0
2016-03-07,658.4175,57134569.7986,8.25,74289.475653,1.68688253115,2541313.41,1603443.84023,1150.17532468,140168462.0,352911.0,15729500.0,10380054345.0
2016-04-07,676.3294375,33361880.2076,7.63333333333,74401.113954,1.58921485589,2555599.5,1601825.83565,1416.55629139,140382362.0,403350.0,15733275.0,10651112509.5
2016-05-07,666.4855875,31161665.028,8.51666666667,74515.542073,1.25520728564,2420500.04,1538177.12695,1482.47586207,140597321.0,383808.0,15736900.0,10505010226.0
2016-06-07,673.786825,27360174.4583,9.56666666667,74627.198793,1.30952010339,2367306.18,1485136.53636,1533.50714286,140812012.0,373956.0,15740400.0,10643343672.0
2016-07-07,636.3588625,93994828.7133,8.75,74740.678598,1.05674186281,2195264.88,1463920.30013,1571.10144928,141028824.0,364414.0,15743825.0,10012128070.5
2016-08-07,659.5552375,46643049.3765,9.2,74853.756118,1.26673213204,2401373.2,1538177.12695,1453.11034483,141239525.0,363919.0,15747450.0,10423237155.0
2016-09-07,651.8649125,78574448.686,7.68333333333,74951.806042,1.46500155656,2036093.75,1580609.59941,1244.32885906,141424930.0,355380.0,15750587.5,10262295285.6
2016-10-07,648.0949,28357316.102,6.8,75043.192977,1.25675890037,1267110.0,1654866.42623,1042.35897436,141587538.0,325550.0,15752537.5,10235998867.5
2016-11-07,647.9837,26402272.4818,7.96666666667,75156.632974,0.718976763532,1162507.115,1516960.89071,1525.0979021,141805627.0,395742.0,15754325.0,10240153706.8
2016-12-07,672.7653125,48343367.1349,9.26666666667,75267.576074,0.643601346669,1213263.105,1516960.89071,1531.70629371,142024661.0,379937.0,15756112.5,10682486713.9
2016-13-07,657.4524875,53026862.7723,10.7333333333,75374.00218,0.587796482891,1070321.95,1379055.35519,1677.63846154,142242754.0,367252.0,15757725.0,10366219391.2
2016-14-07,658.8316125,34318017.3138,9.23333333333,75487.581772,0.736351438248,1175290.03,1506352.7726,1553.9084507,142463409.0,367953.0,15759487.5,10423167437.6
2016-15-07,664.57145,26928546.8393,8.98333333333,75594.261104,0.620036295069,1127082.345,1432095.94578,1600.6,142679490.0,367739.0,15761175.0,10514437454.2
2016-16-07,662.15335,13030366.5582,7.76666666667,75702.352224,1.02840012913,1302095.025,1665474.54435,1160.45859873,142861682.0,356533.0,15763137.5,10453324633.1
2016-17-07,675.45905,26346610.596,7.26666666667,75808.0463,0.804062985292,1266649.0,1580609.59941,1147.73825503,143032695.0,330330.0,15765000.0,10721461200.0
2016-18-07,673.2056375,30616321.5858,7.95,75930.270665,0.661906912679,1260663.03,1581302.6993,1515.61744966,143258522.0,384160.0,15766850.0,10660597959.0
2016-19-07,672.8432,18855335.6425,9.8,76040.451695,0.472402502985,1084448.36,1358434.53362,1735.515625,143480668.0,373620.0,15768450.0,10660891360.5
2016-20-07,665.643125,21835386.1701,8.71666666667,76160.269335,0.772402317319,1253687.59,1591915.46909,1516.19333333,143708097.0,378815.0,15770325.0,10522118543.2
2016-21-07,664.882075,19396531.8726,9.78333333333,76267.902595,0.823001406253,1108239.165,1411498.38259,1636.13533835,143925703.0,364285.0,15771987.5,10488529407.4
2016-22-07,651.5813625,36015630.8104,10.5166666667,76379.357192,0.670228112337,1049710.545,1369047.30342,1716.31007752,144147107.0,368179.0,15773600.0,10230283752.0
2016-23-07,655.8469125,22033362.3228,9.8,76487.602759,0.968568895673,1073869.3,1390272.84301,1494.6259542,144342903.0,332946.0,15775237.5,10320160372.5
2016-24-07,661.4130125,23219394.3817,9.98333333333,76587.732895,0.824094163128,1044634.82,1337208.99404,1480.32539683,144529424.0,352244.0,15776787.5,10437607074.2
2016-25-07,654.69545,22293453.0939,9.91666666667,76707.940303,0.826729036477,1083868.56,1400885.6128,1822.21969697,144769957.0,394635.0,15778425.0,10327136946.8
2016-26-07,655.0654625,30492846.5591,10.65,76827.013297,0.620232981797,1058492.0,1369047.30342,1842.42635659,145007630.0,403997.0,15780037.5,10326456540.0
2016-27-07,654.9810375,27438393.3898,11.6333333333,76945.00209,0.647071780039,1056015.1,1358434.53362,1840.6484375,145243233.0,372678.0,15781637.5,10351333852.6
2016-28-07,655.32875,16449698.2547,10.3,77065.033379,0.691310938038,1126800.225,1453949.46177,1729.53284672,145480179.0,393901.0,15783337.5,10354974233.6
2016-29-07,656.8876125,16612345.8695,10.3666666667,77185.922058,0.839645803345,1216861.965,1560077.15971,1574.24489796,145711593.0,358940.0,15785175.0,10402588176.8
2016-30-07,654.7369625,11399491.4598,11.4166666667,77289.471154,0.991569943561,979638.83,1262919.60548,1676.33613445,145911077.0,364415.0,15786662.5,10334265005.8
2016-31-07,628.015375,38521947.4089,7.88333333333,77411.835232,0.853266752528,1205755.02,1634366.54827,1248.4025974,146103331.0,344751.0,15788587.5,9858709806.75
2016-01-08,606.322342857,39937694.3813,8.35,77536.405157,0.692890825809,1158954.12,1623753.77847,1470.90849673,146328380.0,402353.0,15790500.0,9553884120.0
2016-02-08,515.0619,57403494.6534,8.33333333333,77669.742844,0.382220698495,1174458.555,1555605.72192,1627.43225806,146580632.0,412309.0,15792425.0,9538466775.75
2016-03-08,565.051671429,48103787.9285,7.5,77803.053844,0.598517370767,1187784.0,1686075.87925,1461.60119048,146826181.0,403778.0,15794500.0,8908098000.0
2016-04-08,577.315771429,24001987.5042,7.48333333333,77922.507466,0.544988310933,1102137.73,1535533.39003,1515.26143791,147058016.0,387986.0,15796412.5,9098417671.75
2016-05-08,576.559085714,16566325.5104,6.91666666667,78040.984246,0.799293160825,1223918.4,1696112.04519,1350.55621302,147286260.0,381030.0,15798525.0,9110061456.0
2016-06-08,588.231271429,24272426.917,6.65,78144.10785,1.08060198325,1232269.97,1676039.7133,1176.95209581,147482811.0,342340.0,15800600.0,9309397508.0
2016-07-08,594.274885714,20475426.2901,8.05,78257.819382,0.735038553156,1101643.4,1485352.56029,1300.09459459,147675225.0,345480.0,15802450.0,9364531870.0
2016-08-08,592.6975,15361103.5912,9.81666666667,78383.026003,0.833215024501,1137218.25,1495388.72624,1585.84563758,147911516.0,411266.0,15804300.0,9547377630.0
2016-09-08,588.7753875,15780612.3337,12.7,78493.210491,0.649838873722,949947.25,1254520.74349,1869.632,148145220.0,393099.0,15805850.0,9548313985.0
2016-10-08,592.1899,34991566.0798,8.11666666667,78619.54178,0.665543857869,1123923.75,1525497.22408,1615.66447368,148390801.0,417668.0,15807737.5,9306805453.12
2016-11-08,589.24185,26073725.3436,9.73333333333,78748.612762,0.617359909596,1115316.8,1505424.89218,1696.76666667,148645316.0,408263.0,15809612.5,9354231524.0
2016-12-08,587.7556,15437752.0763,8.73333333333,78868.598621,0.746223020601,1093307.25,1495388.72624,1563.57718121,148878289.0,389496.0,15811475.0,9241807137.5
2016-13-08,586.4345375,11882577.7207,8.21666666667,78978.010608,1.17132680629,1197995.5,1645931.21545,1324.73780488,149095546.0,367024.0,15813512.5,9223231165.62
2016-14-08,570.976414286,15817470.2745,7.25,79082.466663,1.0338721378,1167746.4,1645931.21545,1223.0304878,149296123.0,360393.0,15815550.0,8995884840.0
2016-15-08,570.142225,19039255.2067,7.83333333333,79200.693044,0.887322737502,1035485.43,1577645.90337,1389.69863014,149499019.0,384259.0,15817375.0,8945200083.75
2016-16-08,581.1185875,20633789.3317,10.5666666667,79325.901373,0.562771230519,984960.0,1469587.96479,1885.63970588,149755466.0,413844.0,15819062.5,9111780000.0
2016-17-08,575.518,21788909.8515,11.3666666667,79442.726922,0.566388659916,883763.265,1329112.64462,1934.98373984,149993469.0,394403.0,15820600.0,9046693698.0
2016-18-08,576.0360875,24259885.2055,8.15,79565.75121,0.808525763461,1105741.56,1664092.25424,1555.46103896,150233010.0,405409.0,15822525.0,9055705733.25
2016-19-08,576.657075,15567926.1355,9.05,79687.534769,0.732877421751,1108626.82,1664092.25424,1598.01948052,150479105.0,403011.0,15824450.0,9071049473.5
2016-20-08,583.2078625,16537121.8294,7.36666666667,79799.205299,1.02943630611,1134217.5,1685703.84196,1348.41025641,150689457.0,400866.0,15826387.5,9205418289.38
2016-21-08,582.821675,15404607.043,6.81666666667,79899.435617,1.52995563016,1182381.625,1761344.39897,1134.3803681,150874361.0,357816.0,15828425.0,9185393311.75
2016-22-08,588.9727625,19463587.5994,7.08333333333,80024.444494,0.821706525115,1168789.125,1718121.22354,1445.28930818,151104162.0,409008.0,15830400.0,9309383328.0
2016-23-08,586.18515,19520117.2746,8.68333333333,80146.303322,0.672919601386,1074378.37,1588451.69723,1625.99319728,151343183.0,398308.0,15832237.5,9246976634.25
2016-24-08,582.8479875,17189751.0522,7.4,80262.257361,0.730320222629,1110792.9,1653286.46038,1555.26797386,151581139.0,409928.0,15834137.5,9186966577.5
2016-25-08,579.86365,18023876.4086,9.88333333333,80375.104614,0.692679844182,940023.48,1404753.20163,1800.06923077,151815148.0,390942.0,15835762.5,9143727625.12
2016-26-08,581.07245,12305907.4243,8.96666666667,80486.567043,0.798523580407,953716.5,1426364.78935,1717.93181818,152041915.0,383173.0,15837412.5,9154182799.12
2016-27-08,571.5419875,11038371.1521,8.7,80585.481017,1.09494225977,1024500.66,1556034.31566,1327.06944444,152233013.0,364840.0,15839212.5,9000157326.75
2016-28-08,576.534,6969155.03567,7.3,80677.97723,1.3587917719,1091820.34,1642480.66653,1147.95394737,152407502.0,330360.0,15841112.5,9098184553.25
2016-29-08,575.2244125,13006720.3398,7.33333333333,80798.506615,0.767718238856,1070546.375,1635101.52309,1511.95973154,152632784.0,386989.0,15842975.0,9106383600.25
2016-30-08,578.616575,15352375.3249,7.98333333333,80927.887335,0.805858470417,1194622.055,1810682.89469,1542.33939394,152887270.0,419511.0,15845025.0,9173160323.25
2016-31-08,574.8279375,15333990.4956,8.55,81040.731318,0.620523503265,970161.445,1481467.82293,1676.86666667,153113647.0,392551.0,15846700.0,9105038419.0
2016-01-09,572.818375,14999479.5484,8.01666666667,81160.051392,0.650390781303,1008150.0,1547310.83728,1689.41134752,153351854.0,384065.0,15848450.0,9065313400.0
2016-02-09,576.218,15043105.5666,6.96666666667,81271.228972,0.852671202292,1109403.0,1678996.86599,1476.18300654,153577710.0,389622.0,15850362.5,9194478279.0
2016-03-09,600.8860875,40400922.2543,10.3833333333,81368.241687,0.927466758363,959616.0,1382703.3014,1446.06349206,153759914.0,358536.0,15851937.5,9658268480.0
2016-04-09,610.59875,22587938.8404,6.03333333333,81471.946321,1.2340913794,1376331.0,1964316.59485,1023.70949721,153943158.0,347566.0,15854175.0,9752220126.0
2016-05-09,608.10975,22519218.6253,9.96666666667,81595.188161,0.697227447153,1072259.87,1536337.00156,1626.30714286,154170841.0,422792.0,15855925.0,9709692792.25
2016-06-09,611.097475,14155539.5927,8.81666666667,81713.093301,0.767942091795,1044942.9,1492441.65866,1706.75,154402959.0,416403.0,15857625.0,9735788868.75
2016-07-09,614.4637625,16922951.2375,8.15,81836.11174,0.847725862941,1177623.3,1668023.03026,1650.05921053,154653768.0,400704.0,15859525.0,9819424903.75
2016-08-09,627.777875,21304907.4826,7.96666666667,81953.343175,0.759002744315,1134450.0,1580232.34446,1576.43055556,154880774.0,399896.0,15861325.0,9996600081.25
2016-09-09,625.0709,16550749.9521,9.36666666667,82069.792152,0.778261733343,1120494.375,1569258.50873,1553.1048951,155102868.0,379259.0,15863100.0,9943784235.0
2016-10-09,625.7635,13826608.2876,7.21666666667,82170.015671,1.26651068491,1217738.125,1700944.53744,1247.22580645,155296188.0,355122.0,15865037.5,9971334719.12
2016-11-09,608.15855,19748109.5647,7.43333333333,82267.057259,1.28100288491,1251012.5,1799709.05897,1099.94512195,155476579.0,373779.0,15867087.5,9682890146.88
2016-12-09,609.6705,24913919.8681,6.83333333333,82379.662253,0.973995707147,1245625.425,1829872.71366,1280.05521472,155685228.0,401012.0,15869125.0,9696828831.25
2016-13-09,610.928125,32818905.1129,7.86666666667,82509.426023,0.901709354256,1275111.84,1863551.35256,1453.10240964,155926443.0,404798.0,15871187.5,9743639430.0
2016-14-09,612.0847375,15168677.6801,7.33333333333,82628.642295,0.918569590391,1197718.9,1751289.22289,1485.8974359,156158243.0,388645.0,15873137.5,9744519111.25
2016-15-09,610.386125,11891587.3953,8.1,82744.601032,0.985814286257,1179081.75,1728836.79696,1516.15584416,156391731.0,397310.0,15875062.5,9723634531.88
2016-16-09,609.11465,12836700.3452,8.8,82853.274142,0.967461755901,1067815.0,1571669.81542,1522.44285714,156604873.0,377920.0,15876800.0,9687705824.0
2016-17-09,608.006875,8953094.94796,8.5,82976.238724,1.37337655605,1239350.125,1829872.71366,1322.26380368,156820402.0,376568.0,15878837.5,9658620486.12
2016-18-09,611.5859,9289978.56372,7.7,83074.593266,1.12523597988,1112983.75,1627800.88025,1321.4,157012005.0,369331.0,15880650.0,9751671939.0
2016-19-09,610.1965,12354975.677,10.9666666667,83185.65375,0.781803485575,1013869.98,1493086.32464,1680.7518797,157235545.0,399754.0,15882312.5,9679951822.5
2016-20-09,609.74875,13349846.1245,8.28333333333,83305.831345,0.814265757968,1166565.275,1717610.58399,1620.83006536,157483532.0,419627.0,15884200.0,9683802530.0
2016-21-09,598.884875,20607535.0871,6.7,83423.915743,0.839121778101,1241468.76,1863551.35256,1441.06024096,157722748.0,408180.0,15886275.0,9500151312.75
2016-22-09,597.4226,12923838.3341,9.55,83531.43982,0.919490364932,1051860.0,1582896.02838,1639.90780142,157953975.0,391223.0,15888037.5,9481980780.0
2016-23-09,604.2225,12358708.7831,9.88333333333,83640.955323,0.737826004269,1027531.44,1526764.96355,1641.08088235,158177162.0,389323.0,15889737.5,9592952323.5
2016-24-09,603.8854,6905876.28854,7.0,83747.503328,1.2762190174,1258908.625,1874777.56553,1260.53892216,158387672.0,369379.0,15891812.5,9583875364.38
2016-25-09,601.7472375,6562797.42037,6.06666666667,83853.781028,0.927690948719,1395674.25,2230413.26476,1060.74193548,158584970.0,374974.0,15894125.0,9541084296.25
2016-26-09,608.1469625,14621404.8975,6.95,83971.718693,0.792072234979,1165493.715,1834694.7823,1508.29411765,158815739.0,430205.0,15896037.5,9682117480.88
2016-27-09,605.9622125,12980365.4284,7.13333333333,84100.535514,0.890928105396,1276511.73,2026558.28895,1437.91715976,159058747.0,425011.0,15898125.0,9602149537.5
2016-28-09,605.679475,9494530.32337,9.05,84216.316825,0.769059161914,1119367.32,1774737.43648,1587.80405405,159293742.0,433852.0,15899975.0,9610103889.75
2016-29-09,606.36375,12937983.9999,9.35,84335.409567,0.729428858278,1083864.36,1714780.09065,1697.41258741,159536472.0,440834.0,15901762.5,9631379511.0
2016-30-09,609.3962875,12885196.8876,9.28333333333,84455.166318,0.734708380289,1084454.0,1702788.62148,1767.20422535,159787415.0,442960.0,15903537.5,9716425271.0
2016-01-10,614.8238,7094655.17853,7.68333333333,84566.836814,1.19601241673,1205132.0,1882660.65897,1362.61146497,160001345.0,391458.0,15905500.0,9767249440.0
2016-02-10,610.5189125,9087020.02498,8.76666666667,84668.149849,1.12281467289,1074561.0,1690797.15232,1366.54609929,160194028.0,396449.0,15907262.5,9698339801.0
2016-03-10,611.8511,11646426.4053,8.76666666667,84799.695744,0.78980888383,1164434.0,1822703.31314,1715.875,160454841.0,469732.0,15909150.0,9750081669.0
2016-04-10,609.6248125,12709516.1755,9.21666666667,84929.878089,0.741974513086,1206349.75,1894652.12813,1675.07594937,160719503.0,477181.0,15911125.0,9718674261.25
2016-05-10,612.3522875,11326509.2509,8.21666666667,85061.626399,0.888038420689,1281294.75,2002575.35062,1597.67065868,160986314.0,470499.0,15913212.5,9762755868.75
2016-06-10,612.08875,10859575.0873,8.46666666667,85194.837893,0.868055332395,1237023.87,1930626.53563,1704.88198758,161260800.0,497719.0,15915225.0,9772903063.5
2016-07-10,617.21035,15826419.3016,8.65,85319.88779,0.806792655892,1116457.91,1726771.55982,1864.02083333,161529219.0,471181.0,15917012.5,9867115218.88
2016-08-10,618.046,7779460.19893,6.35,85448.53765,1.02028804801,1311355.5,2171858.80433,1483.26627219,161779891.0,439803.0,15919125.0,9881956035.0
2016-09-10,615.65675,6954834.42998,7.16666666667,85557.69809,1.06944717037,1232591.36,2056197.68457,1315.925,161990439.0,410522.0,15921125.0,9802318240.0
2016-10-10,617.54825,13372142.5334,11.25,85664.891382,0.68525141869,969459.855,1606404.44107,1798.192,162215213.0,421619.0,15922675.0,9854065877.25
2016-11-10,639.30995,29027519.1583,10.9666666667,85793.200707,0.597834064517,1114413.27,1786321.73847,1896.15107914,162478778.0,444786.0,15924412.5,10207866900.8
2016-12-10,635.0139375,14634705.6096,9.51666666667,85918.69354,0.411826204886,1156671.17,1863429.15164,1625.26896552,162714442.0,400579.0,15926212.5,10152323420.2
2016-13-10,635.9650875,14355952.0574,10.0666666667,86035.43462,0.641325638239,1020493.41,1644958.14766,1794.5546875,162944145.0,400731.0,15927812.5,10152546965.6
2016-14-10,639.565642857,12472092.7624,10.2333333333,86152.217098,0.742878155687,1090902.33,1747768.03188,1762.67647059,163183869.0,423263.0,15929512.5,10216074251.6
2016-15-10,637.949857143,6525990.94134,10.2166666667,86263.211618,0.906655138972,1135929.6,1824875.44505,1482.02816901,163394317.0,384627.0,15931287.5,10189651485.0
2016-16-10,641.425125,6985758.74822,8.28333333333,86361.868317,0.918459789093,1047566.76,1670660.61871,1522.12307692,163592193.0,383032.0,15932912.5,10264938207.2
2016-17-10,638.1833875,15611329.7691,11.2666666667,86478.077483,0.64175241767,1001040.495,1606404.44107,1897.856,163829425.0,435282.0,15934475.0,10182607559.2
2016-18-10,636.2965,14579936.5177,9.11666666667,86608.564018,0.593446621267,1239301.71,1991941.50693,1622.71612903,164080946.0,435277.0,15936412.5,10183048859.2
2016-19-10,629.253675,20346645.9028,10.25,86710.487448,0.66952329504,998480.55,1619255.6766,1595.43650794,164281971.0,406991.0,15937975.0,10065628111.2
2016-20-10,630.22705,12216884.5043,13.4166666667,86841.463294,0.60695232171,1065517.32,1722065.56083,2017.76119403,164552351.0,415474.0,15939650.0,10085494744.5
2016-21-10,631.9242125,16705327.8899,6.7,86971.201385,0.853360184129,1302488.0,2107602.62668,1618.01829268,164817706.0,453739.0,15941700.0,10128718512.0
2016-22-10,655.4886625,22686988.3446,7.9,87089.488455,1.00380532498,1237419.905,1878507.2821,1454.41610738,165034414.0,392804.0,15943562.5,10587003806.9
2016-23-10,653.0028625,11562593.8995,9.28333333333,87203.584968,1.17735045727,1186462.78,1815470.12499,1330.40277778,165225992.0,376683.0,15945362.5,10504485907.8
2016-24-10,651.396425,17690445.8704,9.13333333333,87330.335917,0.590317576932,1173414.585,1802862.69356,1587.27272727,165452972.0,433234.0,15947150.0,10445223778.5
2016-25-10,655.31995,23862151.3272,12.15,87461.541956,0.617290474417,1158039.295,1752432.96787,1705.25179856,165690002.0,432977.0,15948887.5,10491018708.6
2016-26-10,672.2214125,32748237.8961,19.8833333333,87597.007109,0.710073274221,1204154.595,1752432.96787,1625.35251799,165915926.0,431781.0,15950612.5,10751191343.4
2016-27-10,682.2239625,26863753.6491,12.45,87755.382468,0.516902206144,1402328.4,2042403.89061,2014.74074074,166242314.0,457806.0,15952637.5,10933937742.5
2016-28-10,687.6883375,22221917.8414,8.2,87879.492612,0.703328983823,1318835.9,1916329.57637,1650.5,166493190.0,434269.0,15954537.5,11016448598.4
2016-29-10,714.89545,29728643.8012,7.96666666667,87994.675528,0.828181059628,1338194.475,1878507.2821,1541.53691275,166722879.0,416457.0,15956400.0,11433877548.0
2016-30-10,698.0034,21222263.7923,8.75,88100.660523,0.85186537544,1487565.84,2130655.91057,1238.68047337,166932216.0,360327.0,15958500.0,11232230640.0
2016-31-10,702.0015125,23116856.381,12.9,88219.875211,0.650670629994,1298202.255,1853292.41926,1644.74829932,167173994.0,458880.0,15960337.5,11251559127.4
2016-01-11,728.2068875,41882993.0835,11.775,88343.29065,0.653078269035,1321902.0,1815470.12499,1712.84722222,167420644.0,446989.0,15962137.5,11722434158.6
2016-02-11,733.336125,24177015.5444,8.98333333333,88463.483957,0.762142659636,1230807.015,1676788.37933,2018.18045113,167689062.0,461830.0,15963800.0,11811455982.0
2016-03-11,686.170875,56296677.0219,11.7,88593.536978,0.685817835215,1348852.25,1966759.30207,1752.16666667,167962400.0,457533.0,15965737.5,11015560588.1
2016-04-11,703.6940875,29358873.2933,12.5,88704.445529,0.547378245914,1036526.64,1462462.04513,2138.30172414,168210443.0,453192.0,15967187.5,11304928421.9
2016-05-11,704.7909,14017411.0236,8.76666666667,88822.568568,1.11502118836,1325997.45,1885928.48644,1624.37583893,168452475.0,426001.0,15969025.0,11320441822.5
2016-06-11,712.00325,15385463.9264,11.05,88935.37737,0.843637852516,1379564.0,1949214.67726,1483.24675325,168680895.0,429823.0,15970937.5,11416026125.0
2016-07-11,703.819,13568019.0808,11.5333333333,89064.838315,0.707789161558,1294398.36,1847956.77195,1878.6369863,168955176.0,483846.0,15972762.5,11260957290.1
2016-08-11,708.974875,21720391.2365,12.15,89211.237259,0.747866799491,1507321.2,2139073.24972,1751.83431953,169251236.0,503015.0,15974875.0,11371555020.0
2016-09-11,720.9301,40308934.7444,9.3,89342.331653,0.480758906817,1334964.95,1860614.01011,1837.38095238,169521331.0,474975.0,15976712.5,11575767274.8
2016-10-11,713.690125,18345512.5547,11.475,89477.493888,0.831528280719,1501227.0,2126416.01156,1615.32142857,169792705.0,474281.0,15978812.5,11422773691.9
2016-11-11,715.4593,14008613.8917,6.96666666667,89600.528335,0.988747296878,1459015.605,2063129.82074,1562.0797546,170047324.0,444226.0,15980850.0,11437973770.5
2016-12-11,703.718,13568553.6888,6.46666666667,89719.876072,1.27611144201,1478735.98,2126416.01156,1362.41666667,170276210.0,450559.0,15982950.0,11243845495.5
2016-13-11,701.901125,19900672.8562,8.33333333333,89830.447969,1.04400935951,1259145.885,1809985.05746,1547.74825175,170497538.0,411263.0,15984725.0,11247332051.8
2016-14-11,706.467875,20324888.3718,11.725,89966.367184,0.935054761282,1523261.75,2177044.96421,1572.70930233,170768044.0,486756.0,15986875.0,11300322593.8
2016-15-11,710.910125,22288622.3035,8.08333333333,90099.655391,0.759151164548,1389794.85,1974529.15359,1797.12820513,171048396.0,514795.0,15988825.0,11389639488.8
2016-16-11,736.914375,44865031.1507,10.0,90235.750668,0.609614386486,1590935.5,2177044.96421,1692.94186047,171339582.0,494246.0,15990962.5,11832832521.1
2016-17-11,736.9615,36131321.2177,9.73333333333,90378.596112,0.612245647372,1467356.7,2012500.86808,1745.03144654,171617042.0,484633.0,15992950.0,11777848098.0
2016-18-11,747.5217625,22349404.1599,8.98333333333,90516.590223,0.728936999189,1385428.0,2073243.13718,1864.35810811,171892967.0,488365.0,15994800.0,11978185824.0
2016-19-11,750.030875,15115192.2452,11.5,90637.698344,0.916733718058,1337807.52,1989192.73973,1758.87323944,172142727.0,476358.0,15996575.0,12049740050.2
2016-20-11,729.066625,26489236.6727,11.15,90754.191665,0.957715911138,1177092.75,1807083.54524,1911.13953488,172389264.0,438202.0,15998175.0,11678347786.5
2016-21-11,738.537625,18741837.4186,17.3,90883.418069,0.705657604655,1300552.0,1961175.94058,2052.95714286,172676678.0,490392.0,15999912.5,11823135341.9
2016-22-11,748.749375,25591017.7097,18.625,91011.908634,0.595423994041,1264052.4,1877125.54312,2131.60447761,172962313.0,515387.0,16001587.5,11968547386.5
2016-23-11,741.6384,19866229.8841,20.3,91151.716889,0.69917212592,1371590.0,2059234.7376,1883.83673469,173239237.0,505599.0,16003425.0,11842534500.0
2016-24-11,737.450375,16755125.5777,19.275,91307.890935,0.63818101452,1540282.37,2297377.53039,2033.32926829,173572703.0,489272.0,16005450.0,11801298448.5
2016-25-11,739.786125,14432748.7067,12.9666666667,91451.193939,0.773872454798,1450482.78,2129276.73548,2074.91447368,173888090.0,523079.0,16007350.0,11852162087.0
2016-26-11,733.673,12319132.9648,13.75,91596.527757,0.81056036706,1424452.54,2157293.53463,1814.11688312,174167464.0,481755.0,16009262.5,11718620057.4
2016-27-11,727.9655,11359826.8066,12.65,91714.824386,1.04712976335,1303985.32,2017209.53888,1648.53472222,174404853.0,454515.0,16011062.5,11573276306.9
2016-28-11,733.052125,17786517.748,9.76666666667,91863.91865,0.795394899119,1511320.32,2297377.53039,1820.30487805,174703383.0,515310.0,16013112.5,11713912056.0
2016-29-11,732.712125,18774731.9527,9.65,92000.686153,0.6474246793,1388629.475,2115268.33591,1947.94701987,174997523.0,506247.0,16014975.0,11707747473.8
2016-30-11,742.6967625,21330877.4838,18.45,92130.225293,0.679150812847,1321104.2,1989192.73973,2060.94366197,175290177.0,500015.0,16016750.0,11847589975.0
2016-01-12,752.246125,26804422.4923,9.03333333333,92261.553649,0.743177090227,1391603.68,2045226.33803,1641.65753425,175529859.0,485327.0,16018575.0,12069035148.0
2016-02-12,772.43725,33314155.0444,29.25,92402.201199,0.645338317792,1419702.8,2052749.31684,2210.15972222,175848122.0,513735.0,16020362.5,12394634059.0
2016-03-12,764.339625,15079718.4057,8.41666666667,92553.709458,1.11234335449,1648884.64,2451895.01734,1674.34883721,176136110.0,492197.0,16022512.5,12242481351.0
2016-04-12,764.81625,11710058.4725,13.8,92680.545335,1.47783724432,1422187.52,2109770.1312,1659.7972973,176381760.0,457491.0,16024362.5,12265688032.0
2016-05-12,754.63975,26745481.4464,9.31666666667,92814.713959,0.726464113982,1450084.72,2166790.94555,1828.95394737,176659761.0,548221.0,16026262.5,12116495500.5
2016-06-12,756.6215,20977699.2164,12.5333333333,92959.128123,0.687324552868,1435055.31,2138280.53838,2131.74666667,176979523.0,540804.0,16028137.5,12112303227.4
2016-07-12,766.1166375,23775580.354,9.06666666667,93113.975844,0.778541978651,1686375.18,2494660.6281,1779.20571429,177290884.0,539249.0,16030312.5,12284990287.5
2016-08-12,769.72975,18396293.9278,8.76666666667,93247.453741,0.725800790564,1516416.0,2238066.9635,1800.70700637,177573595.0,500354.0,16032275.0,12312787200.0
2016-09-12,770.028125,16139725.0744,12.2833333333,93373.047454,0.641537525463,1312529.715,1924452.48454,1991.22222222,177842410.0,465342.0,16033962.5,12354007766.6
2016-10-12,773.40125,11258173.0415,12.8,93491.647041,0.898634741472,1287818.0,1881686.87377,1895.76515152,178092651.0,454665.0,16035612.5,12395528462.5
2016-11-12,768.303125,10790493.5546,6.1,93620.550573,1.50571438769,1807112.16,2679978.27476,1238.53191489,178325495.0,439143.0,16037950.0,12322438123.5
2016-12-12,777.006875,19721035.4163,14.575,93746.288857,0.739411121446,1520295.45,2223811.75991,1722.19230769,178594157.0,498688.0,16039900.0,12460596315.0
2016-13-12,778.4935,20077997.9099,8.7,93891.341303,0.904124408286,1739710.08,2537426.23887,1639.08426966,178885914.0,498359.0,16042125.0,12503873910.0
2016-14-12,774.897,14993051.0509,9.68333333333,94016.667577,0.670287211006,1354213.25,1981473.29889,2059.91366906,179172242.0,495472.0,16043862.5,12425971506.2
2016-15-12,776.75215,15357872.5323,14.9,94138.006728,0.591153208101,1249509.75,1958064.6378,2225.86614173,179454927.0,479430.0,16045450.0,12472128285.0
2016-16-12,781.568375,17973313.8851,17.025,94266.566762,0.57277154967,1317539.325,2050571.62856,2100.45864662,179734288.0,495266.0,16047112.5,12573714999.4
2016-17-12,788.7055,17068492.2553,15.1,94384.609484,0.812810746651,1439997.295,2235585.61008,1648.51034483,179973322.0,458680.0,16048912.5,12694529298.4
2016-18-12,788.40575,10243644.9346,9.83333333333,94506.069193,0.934870320877,1398471.24,2173914.28291,1672.26241135,180209111.0,418498.0,16050675.0,12685169466.0
2016-19-12,789.524125,15301931.7389,13.85,94645.199015,0.714653022927,1511601.0,2343510.43264,1874.02631579,180493963.0,508681.0,16052562.5,12697576937.5
2016-20-12,793.0901375,19671152.5655,10.7166666667,94779.111402,0.592460059464,1380945.28,2127660.78753,2148.35507246,180790436.0,508908.0,16054287.5,12756094676.0
2016-21-12,824.2189375,44854043.0263,8.78333333333,94932.381938,0.540999354675,1659583.38,2451435.25519,2048.28301887,181116113.0,540310.0,16056275.0,13266978907.0
2016-22-12,860.599875,54177733.5753,8.58333333333,95078.635893,0.544028223606,1717668.81,2451435.25519,1978.89308176,181430757.0,528878.0,16058262.5,13815565559.2
2016-23-12,901.3182375,71128607.5418,12.775,95213.610311,0.464112249135,1720367.4,2343510.43264,2006.55921053,181735754.0,522516.0,16060162.5,14503611550.5
2016-24-12,891.6126125,36632649.4525,16.325,95330.730173,0.801870252053,1540552.325,2112242.95573,1757.81021898,181976574.0,420206.0,16061875.0,14365259143.8
2016-25-12,886.900375,31411463.3442,10.3,95438.863856,0.924506427567,1867686.25,2574777.90954,1195.29341317,182176188.0,353857.0,16063937.5,14372404881.2
2016-26-12,897.335375,30528384.4926,13.55,95560.396442,0.689956353073,1610869.18,2189332.1147,1724.74647887,182421102.0,448557.0,16065712.5,14514728615.2
2016-27-12,930.376,36349743.3696,13.025,95697.152137,0.593601270384,1828791.58,2405181.75981,1900.93589744,182717648.0,509115.0,16067662.5,15007357451.6
2016-28-12,967.480375,58947752.6219,7.66666666667,95839.582889,0.644591083512,2011489.2,2589949.67053,1862.15853659,183023042.0,514772.0,16069712.5,15706536997.5
2016-29-12,963.381625,49469080.7609,14.55,95980.642562,0.620373372103,1831153.28,2368856.40597,2030.7,183327647.0,512156.0,16071587.5,15554725246.0
2016-30-12,952.156375,55218054.0176,8.5,96117.500691,0.622321738601,1880751.855,2479403.03825,1826.86624204,183614465.0,496024.0,16073550.0,15333684493.5
2016-31-12,959.879875,20372836.6699,12.275,96236.480193,0.896620360151,1785013.43,2337271.65389,1691.03378378,183864738.0,449831.0,16075400.0,15485593574.0
