NumberOfPosts,AveragePolarity,AverageSubjectivity
4,0.0715909090909,0.351136363636
117,0.04834998335,0.261093751927
124,0.100542463809,0.248906373644
212,0.0647493249675,0.26019910514
227,0.0492079368258,0.202886250803
143,0.0955752807798,0.231797485343
120,0.0989288720539,0.226142977393
92,0.0790573436226,0.245637482485
129,0.109544622582,0.323073509178
216,0.0959338037702,0.293145843354
234,0.0926379214921,0.272970108595
201,0.106254565466,0.251812950041
122,0.0907201700849,0.238718981383
126,0.105576532521,0.249380921841
82,0.0845161545771,0.239530936543
95,0.129162204754,0.280100744285
129,0.0922243335906,0.296761580366
135,0.0782923681257,0.229185251991
144,0.0597103287338,0.233602944124
139,0.0556273163288,0.205495603517
112,0.0571144399995,0.290509592094
96,0.0486841066919,0.246161390693
97,0.0721255262492,0.19199227176
111,0.0745587524754,0.253869594703
144,0.0675519831249,0.267859756627
133,0.0261044250236,0.268154151613
138,0.068761926982,0.246580601363
120,0.104865785835,0.303400613276
87,0.069110543033,0.22234744821
96,0.0923161864177,0.259786743927
129,0.0654045857244,0.210998817074
145,0.0954095014181,0.230059847241
125,0.0561501779702,0.177374208754
125,0.0782514430014,0.297819004329
107,0.0429448523958,0.239753745735
92,0.0357713979861,0.191265057406
76,0.033967257158,0.309107595621
152,0.0993820963393,0.295247826004
170,0.0709796494355,0.27811316951
148,0.0655738124488,0.29902720684
133,0.0986117620892,0.288481919083
139,0.0825556957032,0.220277816708
91,0.0558702672988,0.251201034415
86,0.087631126948,0.240409929218
122,0.0487939098697,0.287234002336
120,0.0513374418791,0.219407176928
125,0.0672654545455,0.209424848485
108,0.065766076773,0.240495081051
84,0.0743434343434,0.212490680616
79,0.066997301222,0.233177023399
57,0.0362352851827,0.239867218551
88,0.128777015283,0.292561163584
79,0.0908452746269,0.28913790148
113,0.0869536068651,0.218572258617
89,0.106275840265,0.246404494382
102,0.0412976166898,0.212815878747
71,0.0715939830905,0.334871273093
54,0.0420992998771,0.22801153065
95,0.0989195020379,0.250847889927
126,0.0595463134749,0.221425479283
82,0.0727657234365,0.237435152923
101,0.0929105410541,0.188066306631
90,0.0631082251082,0.205953823954
73,0.107552728854,0.272204555338
107,0.0843893077976,0.2720590754
92,0.0703065201707,0.195821961855
144,0.0508589866923,0.251627560325
153,0.0689534393303,0.255882152524
117,0.0544528619529,0.231857355607
93,0.0355713044423,0.229775714131
71,0.101815268717,0.27914333645
74,0.0518746831247,0.150865313365
82,0.0608598210732,0.278491308827
104,0.0673166510306,0.221901829474
93,0.0399709460193,0.188364831107
94,0.0609087838875,0.275990816217
100,0.050523989899,0.244477344877
85,0.0334606569901,0.228757045242
70,0.0935260770975,0.303905895692
77,0.0630386658796,0.21750906561
102,0.042729421314,0.291724705034
115,0.0869037737625,0.221713924964
100,0.0462343975469,0.218186399711
81,0.0587667682112,0.226870022981
55,0.120378787879,0.244917355372
64,0.0687970666486,0.259737723214
74,0.0952213739714,0.235162508288
74,0.0594803915116,0.20809007059
90,0.034934624018,0.345971725805
99,0.068279087168,0.237237623955
110,0.0534149940968,0.271780483405
64,0.0693972368777,0.232553492514
76,0.0773515227463,0.299345475431
95,0.0294258373206,0.226483253589
88,0.0582559564804,0.250301820969
100,0.0978564814815,0.194479737855
95,0.0296117566644,0.206963804714
96,0.0660139527718,0.25382750496
56,0.0390185013399,0.249074804164
52,0.0379714035964,0.166788836164
83,0.0340363618978,0.204056268363
102,0.0569510405172,0.208117289845
74,0.124296049296,0.276661889162
77,0.0228462734956,0.174570379116
79,0.0511170703418,0.22411570497
65,0.0706899211899,0.194194361194
61,0.0127155631254,0.299890887801
87,0.0541260304191,0.224013119703
85,0.0855218147865,0.198858119005
90,0.0711980519481,0.187560525894
93,0.0521210375646,0.224395568589
86,0.0998579440585,0.234304381019
66,0.0445165945166,0.219922438672
62,0.0234322390572,0.232064694565
81,0.0822059327846,0.251727148023
74,0.048473026598,0.225883107133
82,0.0900897696477,0.270035877063
81,0.0543635651043,0.226082874601
79,0.0600895026211,0.275931146912
59,0.0673461690146,0.205499302957
57,0.0859856079593,0.247291207818
82,0.11044702249,0.286822933164
84,0.101818396551,0.271296025403
104,0.0675171182984,0.224380827506
66,0.0660952963983,0.158358112146
76,0.0417953975849,0.210429091194
64,0.136150568182,0.361578677399
66,0.0341876557786,0.185489636626
87,0.0902421122141,0.259546491184
81,0.0558917511387,0.254086206432
85,0.103492169595,0.299009846363
76,0.05419422926,0.222208306435
89,0.0537736919759,0.202976393145
51,0.0332215360892,0.230832343038
52,0.0587034493284,0.235326363451
82,0.0440938566853,0.18379636962
88,0.0418761478421,0.215544651056
72,0.0712051066218,0.308144941478
104,0.0845250235875,0.23986464924
84,0.0853612657184,0.203653671064
49,0.0896619253762,0.307019171305
65,0.0843477355977,0.270945443445
111,0.0449176449176,0.190092933843
118,0.015503869953,0.226495273794
136,0.0870727230286,0.269536488838
120,0.0495121352413,0.25438201459
154,0.0570958190439,0.266142009145
98,0.0440210045057,0.266376704361
112,0.0422461541435,0.27931769867
149,0.0255193110394,0.236616645845
166,0.0675579482432,0.26249576227
328,0.0525835637516,0.284290960564
137,0.0776680385713,0.227523014293
78,0.0868382157965,0.340254483171
69,0.0569185993824,0.239897203575
60,0.0910303030303,0.236862373737
90,0.0628335938753,0.268300765592
91,0.079169818277,0.196983492698
96,0.0431591209716,0.283193129209
107,0.0990332227482,0.28641100592
77,0.0361256348269,0.175289771556
61,0.0437090459631,0.185227864121
58,0.0885742274966,0.244524929094
69,0.0581621076186,0.237838791643
78,0.0283705877456,0.228770650646
87,0.123097352839,0.232958277355
104,0.0436081279831,0.227641976079
92,0.0675819922831,0.216147186147
63,0.0668525199081,0.273046584515
74,0.0671785421785,0.249679224679
75,0.0765964405964,0.232797017797
108,0.0727807172252,0.284909779007
89,0.0886804518827,0.20877214234
131,0.0552149154916,0.274793503782
112,0.0775903164296,0.235380833204
87,0.0452375976514,0.232117480221
204,0.12728371778,0.271651096044
119,0.0959214594929,0.23163729128
161,0.0513348547588,0.200870147796
122,0.0261128557235,0.235401881816
95,0.0327025581631,0.22484557353
94,0.0336037042154,0.227540219827
92,0.0731618676786,0.283974440127
84,0.0721762694977,0.26612317907
109,0.0647744648318,0.22540404295
131,0.07294247737,0.243352595242
116,0.047179678559,0.248753047719
126,0.0744766113516,0.222161667697
134,0.0443750538433,0.234483561629
82,0.0934689446732,0.23476533629
87,0.066349973462,0.217729553333
158,0.0609254959176,0.224672756041
137,0.0863245375198,0.197620162346
159,0.0491637057911,0.247486590977
169,0.0586425876884,0.27112677592
137,0.0586899758798,0.203300286494
66,0.0710574358302,0.239400407393
120,0.0502423941799,0.23139721621
153,0.061300925533,0.254695594287
200,0.0623990940657,0.29022546176
185,0.0609323212823,0.235765949066
190,0.0662571105795,0.263580466317
230,0.0955014571178,0.301759462518
164,0.0451533683965,0.27133822986
80,0.0137570571789,0.201773358586
117,0.0783267658268,0.307752664003
100,0.0277061327561,0.282057215007
122,0.060305114967,0.250553544816
147,0.0865350173258,0.248741950604
135,0.0783358585859,0.225016647961
87,0.0899721144118,0.300004657964
96,0.0332391060907,0.252084084897
122,0.057346252336,0.21120242235
138,0.088651462297,0.281902278478
121,0.104068011878,0.24927668062
125,0.0644368975469,0.28832002886
116,0.0429602599269,0.182374950241
83,0.0522128919719,0.289093220956
91,0.0688799295942,0.276852512567
124,0.0589629154448,0.223337406321
115,0.0506098563272,0.242854194115
96,0.0591540967713,0.239297776876
89,0.0417718517438,0.216255046452
105,0.0258515998992,0.174065945518
61,0.0719155844156,0.160530066473
56,0.0544439935065,0.254533053752
79,0.0390055619486,0.277298482109
81,0.0781978366855,0.236069951425
78,0.0396221833722,0.210887723388
94,0.0816952196739,0.229068765159
81,0.133530009086,0.250971309212
51,0.0665106951872,0.306078289902
57,0.107488418015,0.257652654363
106,0.051441254413,0.185310528919
85,0.079306616586,0.228993188184
104,0.0772623210123,0.225010926573
106,0.0667441826168,0.269930450402
110,0.0427817788272,0.226882985701
83,0.0206492637216,0.34623037605
71,0.030486454078,0.231189663232
176,0.0713930600649,0.285381519522
203,0.0338942823733,0.252249029706
202,0.0606893367908,0.262834194134
236,0.056157993372,0.254645364052
281,0.0455148925067,0.266616983254
48,0.0856379080988,0.194276845839
75,0.030032996633,0.148316339216
102,0.0626157584246,0.255119754973
116,0.0594017141862,0.2550860825
114,0.0598825820865,0.191579960001
96,0.053422944725,0.26316255311
115,0.081761120522,0.25335221783
75,0.0838691678692,0.185245550746
72,0.103583453583,0.17450547138
107,0.0392878046149,0.248173254575
116,0.0311581019555,0.226337077673
114,0.0442422976634,0.256211277352
107,0.102504264946,0.231857291203
88,0.0758537075298,0.21381819727
47,0.0536199763593,0.262291033435
74,0.0637422731173,0.231363490113
89,0.0778656346774,0.325308461825
105,0.0491534391534,0.184905517763
95,0.056283559277,0.213474405711
94,0.0408022090203,0.197940652728
92,0.05735293541,0.154827388795
50,0.110079004329,0.180731601732
85,0.039035098888,0.1573119854
88,0.0625124827824,0.217750516529
92,0.07104743083,0.260822706882
82,0.111874736036,0.243541248724
121,0.0461932190858,0.261707511955
101,0.0573541997057,0.177342662838
65,0.100894475894,0.236709003959
69,0.0667320199929,0.250090841123
109,0.0756354998213,0.251111044918
90,0.0718563061167,0.267780583614
92,0.0673771684234,0.253156487233
87,0.0286193212917,0.250667388167
82,0.0530851634815,0.216905069862
61,0.0711296217444,0.22236119982
63,0.0525213243547,0.235955077991
65,0.147505244755,0.199350815851
74,0.117623142623,0.254117672868
92,0.0773851676705,0.265615255819
88,0.0609909935393,0.225805768726
86,0.0169384878687,0.205767601262
52,0.0334765928516,0.198832070707
51,0.0583036244801,0.25391237303
70,0.0739407338693,0.252169887652
81,0.0800630199704,0.214161500365
111,0.0779037154037,0.266123591124
76,0.0480682055518,0.234022145009
95,0.0772803220172,0.28007585251
75,0.0309007936508,0.216563492063
56,0.0909184007956,0.221223939751
89,0.0914298482416,0.226640806135
112,0.0446906404607,0.22768151863
116,0.0823432912873,0.277470517988
119,0.106078052433,0.288632095029
108,0.0656075470312,0.292851547886
101,0.082984421489,0.226610573145
105,0.100623985318,0.321199971369
132,0.0794874857886,0.205560518606
151,0.0713412238516,0.280008935141
115,0.073558629776,0.242180594768
148,0.0884327224952,0.31882990133
140,0.0862230339105,0.302615092249
60,0.100022246272,0.26777958153
76,0.0417639743298,0.175828539151
121,0.110871778589,0.266997021573
120,0.105228324916,0.238426724895
135,0.105630858853,0.288789134734
118,0.0601921912833,0.207225401717
117,0.0354203101425,0.256089414701
53,0.0240951745669,0.260866980678
81,0.075629963101,0.290479864785
126,0.145856649688,0.354589647566
125,0.0579774891775,0.213122222222
127,0.0409693248571,0.263176975037
117,0.0349534570368,0.233254569505
110,0.0434763216581,0.269691394464
82,0.0767556664203,0.277570830254
72,0.058661014911,0.257789702581
117,0.0396685027935,0.206162402412
109,0.00773097951997,0.234138402372
110,0.0659729929162,0.262114456251
107,0.0431375251177,0.243289116128
85,0.0833983391336,0.232153608918
68,0.0645077349121,0.319782647908
75,0.0626421837422,0.232155796056
115,0.0959784490871,0.262709329318
109,0.0192840263712,0.268327706952
139,0.0698237703543,0.25882686558
111,0.0723627036127,0.190722640723
127,0.0689489855435,0.250751676874
93,0.0713489542119,0.27448961582
73,0.0740872027516,0.1901704669
120,0.096483044733,0.219753502285
142,0.0863726170152,0.257936495234
126,0.0808740465883,0.233108608763
153,0.0572710649917,0.240747283762
157,0.126492005871,0.282198515391
97,0.0402238325821,0.247479935586
117,0.102481839149,0.27120641704
211,0.0476882188375,0.220352320797
196,0.0450147429102,0.238962879524
225,0.0571361558709,0.303485831864
201,0.0301916015162,0.285183342547
166,0.0584004942514,0.219991867236
150,0.0337637085137,0.265689466089
216,0.067365708173,0.315061394367
268,0.0570962086214,0.265498003758
135,0.0442051467051,0.209681470793
156,0.0840067051005,0.212030928177
147,0.0355910906931,0.226992139569
113,0.058947135706,0.202828069996
86,0.0829767987181,0.194164862915
94,0.0869980197108,0.249579476375
136,0.10487394958,0.283063224561
155,0.0510136619653,0.248426903443
114,0.0908118359873,0.240623918804
143,0.0499841383364,0.218492996902
138,0.096866020453,0.246766604973
109,0.0660736791241,0.238156135404
88,0.0505386248852,0.250956234422
70,0.117839749536,0.367317048031
