Time,avg,max,min
2014-12-01 00:00:00 UTC,335.0,370.0,300.0
2014-12-02 00:00:00 UTC,377.775,378.0,377.0
2014-12-03 00:00:00 UTC,377.792,378.0,377.01
2014-12-04 00:00:00 UTC,377.1,377.1,377.1
2014-12-06 00:00:00 UTC,378.0,378.0,378.0
2014-12-08 00:00:00 UTC,375.005,375.01,375.0
2014-12-10 00:00:00 UTC,379.25,398.0,360.5
2014-12-12 00:00:00 UTC,362.898,379.0,350.0
2014-12-18 00:00:00 UTC,342.5,345.0,340.0
2015-01-08 00:00:00 UTC,295.316698021805,360.0,264.81
2015-01-13 00:00:00 UTC,260.0,260.0,260.0
2015-01-14 00:00:00 UTC,172.314333852341,221.0,109.87
2015-01-15 00:00:00 UTC,192.493928703704,224.0,150.0
2015-01-16 00:00:00 UTC,205.121893738699,225.5,189.0
2015-01-17 00:00:00 UTC,200.0,210.0,184.0
2015-01-19 00:00:00 UTC,217.755,225.51,210.0
2015-01-20 00:00:00 UTC,213.5,218.0,208.0
2015-01-21 00:00:00 UTC,222.3355,225.51,219.0
2015-01-22 00:00:00 UTC,227.385400999783,257.73,216.59
2015-01-23 00:00:00 UTC,226.166666666667,235.0,215.0
2015-01-24 00:00:00 UTC,238.762153846154,250.58,215.0
2015-01-25 00:00:00 UTC,249.437420596837,256.26,245.32
2015-01-26 00:00:00 UTC,281.185239738523,322.72,241.43
2015-01-27 00:00:00 UTC,260.776992191382,278.47,244.03
2015-01-28 00:00:00 UTC,252.950488829279,265.99,228.5
2015-01-29 00:00:00 UTC,233.56121108464,242.0,221.14
2015-01-30 00:00:00 UTC,234.241997917576,244.59,227.89
2015-01-31 00:00:00 UTC,229.548628060599,234.67,217.11
2015-02-01 00:00:00 UTC,219.88450367232,233.79,210.0
2015-02-02 00:00:00 UTC,226.984024092306,240.1,220.89
2015-02-03 00:00:00 UTC,237.064978846406,243.9,225.32
2015-02-04 00:00:00 UTC,226.081790132089,230.99,221.5
2015-02-05 00:00:00 UTC,223.239788102387,228.9,215.0
2015-02-06 00:00:00 UTC,220.819699447159,226.64,216.03
2015-02-07 00:00:00 UTC,226.696528554769,230.5,222.67
2015-02-08 00:00:00 UTC,225.800968143433,231.6,220.0
2015-02-09 00:00:00 UTC,221.702145993306,225.0,216.45
2015-02-10 00:00:00 UTC,218.878177839346,222.0,215.0
2015-02-11 00:00:00 UTC,221.434980115398,223.61,217.46
2015-02-12 00:00:00 UTC,220.400945351149,224.61,218.0
2015-02-13 00:00:00 UTC,233.035608851344,242.36,221.55
2015-02-14 00:00:00 UTC,246.791525589539,259.98,236.08
2015-02-15 00:00:00 UTC,249.735149178431,267.86,228.0
2015-02-16 00:00:00 UTC,234.911144482642,241.0,229.6
2015-02-17 00:00:00 UTC,239.079951363856,248.0,233.0
2015-02-18 00:00:00 UTC,240.595039064698,246.0,231.93
2015-02-19 00:00:00 UTC,238.824937934769,245.0,235.58
2015-02-20 00:00:00 UTC,244.392513753573,248.32,239.99
2015-02-21 00:00:00 UTC,245.64526969996,248.43,244.0
2015-02-22 00:00:00 UTC,242.583382193174,247.48,234.01
2015-02-23 00:00:00 UTC,237.325189110308,240.97,232.0
2015-02-24 00:00:00 UTC,239.175466057803,241.91,235.51
2015-02-25 00:00:00 UTC,238.603253154299,241.0,235.1
2015-02-26 00:00:00 UTC,237.097246780639,238.47,234.33
2015-02-27 00:00:00 UTC,251.129213621985,259.0,236.29
2015-02-28 00:00:00 UTC,253.638212014057,256.97,250.0
2015-03-01 00:00:00 UTC,252.843578525631,262.0,244.88
2015-03-02 00:00:00 UTC,263.663746063686,279.8,256.6
2015-03-03 00:00:00 UTC,276.618033223562,289.5,267.07
2015-03-04 00:00:00 UTC,280.075134562911,287.0,267.39
2015-03-05 00:00:00 UTC,270.935869844331,281.09,262.49
2015-03-06 00:00:00 UTC,273.853429452781,280.0,269.12
2015-03-07 00:00:00 UTC,274.068454988276,279.44,270.55
2015-03-08 00:00:00 UTC,275.653389859148,278.97,270.29
2015-03-09 00:00:00 UTC,282.560316052927,294.42,275.0
2015-03-10 00:00:00 UTC,295.068150961322,299.48,289.82
2015-03-11 00:00:00 UTC,294.722150878864,297.8,290.51
2015-03-12 00:00:00 UTC,295.1285328242,298.9,291.87
2015-03-13 00:00:00 UTC,291.370198849903,296.43,284.86
2015-03-14 00:00:00 UTC,285.188443350664,289.0,280.86
2015-03-15 00:00:00 UTC,286.276701501727,289.24,282.5
2015-03-16 00:00:00 UTC,292.708444327786,294.99,287.41
2015-03-17 00:00:00 UTC,290.628585566905,293.69,284.01
2015-03-18 00:00:00 UTC,275.589194379665,287.0,250.0
2015-03-19 00:00:00 UTC,259.755903505299,266.8,249.2
2015-03-20 00:00:00 UTC,263.221596620791,267.42,259.31
2015-03-21 00:00:00 UTC,261.204608275705,263.62,256.66
2015-03-22 00:00:00 UTC,263.062671180713,271.27,259.71
2015-03-23 00:00:00 UTC,268.809351520561,273.99,260.81
2015-03-24 00:00:00 UTC,257.574051803741,268.51,244.9
2015-03-25 00:00:00 UTC,245.825297684149,249.99,234.51
2015-03-26 00:00:00 UTC,250.024504096553,254.9,244.92
2015-03-27 00:00:00 UTC,248.809143049251,250.99,246.44
2015-03-28 00:00:00 UTC,252.350862798706,254.99,247.81
2015-03-29 00:00:00 UTC,246.552458541104,254.0,241.0
2015-03-30 00:00:00 UTC,246.282506109328,250.06,237.94
2015-03-31 00:00:00 UTC,246.552852715385,249.98,242.87
2015-04-01 00:00:00 UTC,244.839664298958,248.22,241.07
2015-04-02 00:00:00 UTC,249.353268202492,255.24,245.8
2015-04-03 00:00:00 UTC,254.844344041213,257.43,252.59
2015-04-04 00:00:00 UTC,253.780657006554,256.6,251.26
2015-04-05 00:00:00 UTC,255.926803517875,262.0,252.06
2015-04-06 00:00:00 UTC,259.256197131868,263.0,255.0
2015-04-07 00:00:00 UTC,255.680293936715,258.7,253.45
2015-04-08 00:00:00 UTC,250.364011611168,255.75,244.29
2015-04-09 00:00:00 UTC,244.81521746259,248.16,239.02
2015-04-10 00:00:00 UTC,238.950038719355,244.74,232.35
2015-04-11 00:00:00 UTC,237.011793522033,239.99,234.77
2015-04-12 00:00:00 UTC,237.573792968701,239.16,234.02
2015-04-13 00:00:00 UTC,233.855029129596,238.0,220.77
2015-04-14 00:00:00 UTC,221.625589891629,226.9,216.92
2015-04-15 00:00:00 UTC,222.244965033349,224.52,218.09
2015-04-16 00:00:00 UTC,227.79110176784,230.75,223.66
2015-04-17 00:00:00 UTC,224.953846444162,229.99,220.46
2015-04-18 00:00:00 UTC,223.390352642166,224.04,222.18
2015-04-19 00:00:00 UTC,224.664080427068,226.72,223.44
2015-04-20 00:00:00 UTC,225.080942604249,227.45,223.45
2015-04-21 00:00:00 UTC,227.144926089033,235.89,224.01
2015-04-22 00:00:00 UTC,236.040888838557,238.6,232.78
2015-04-23 00:00:00 UTC,234.836497216213,236.53,232.79
2015-04-24 00:00:00 UTC,232.421816625772,236.93,230.12
2015-04-25 00:00:00 UTC,229.597050910733,233.67,226.83
2015-04-26 00:00:00 UTC,220.15791164602,227.91,215.56
2015-04-27 00:00:00 UTC,222.138878587224,230.8,218.78
2015-04-28 00:00:00 UTC,225.35435550608,229.0,220.46
2015-04-29 00:00:00 UTC,225.011240079955,227.3,220.2
2015-04-30 00:00:00 UTC,231.795391079257,240.0,225.1
2015-05-01 00:00:00 UTC,235.961036732951,238.78,233.01
2015-05-02 00:00:00 UTC,235.287014245362,237.15,233.0
2015-05-03 00:00:00 UTC,239.700611306468,242.97,234.26
2015-05-04 00:00:00 UTC,240.654326329382,243.99,238.06
2015-05-05 00:00:00 UTC,235.911218682055,240.0,232.0
2015-05-06 00:00:00 UTC,234.953295573319,237.87,228.38
2015-05-07 00:00:00 UTC,232.566795565096,239.18,228.67
2015-05-08 00:00:00 UTC,240.357726820696,247.06,236.35
2015-05-09 00:00:00 UTC,243.402288808123,247.6,240.0
2015-05-10 00:00:00 UTC,242.239113596953,244.89,239.63
2015-05-11 00:00:00 UTC,242.140176658266,245.49,239.5
2015-05-12 00:00:00 UTC,242.132258705657,243.4,240.37
2015-05-13 00:00:00 UTC,242.680687360426,244.13,235.54
2015-05-14 00:00:00 UTC,237.259592933354,240.0,232.61
2015-05-15 00:00:00 UTC,237.882303857975,239.0,236.89
2015-05-16 00:00:00 UTC,237.3077039117,237.99,235.48
2015-05-17 00:00:00 UTC,237.358404072166,238.45,236.7
2015-05-18 00:00:00 UTC,236.46123564,237.89,231.66
2015-05-19 00:00:00 UTC,233.455746615287,234.92,231.53
2015-05-20 00:00:00 UTC,233.862835223085,235.0,232.54
2015-05-21 00:00:00 UTC,235.54476908404,236.74,234.16
2015-05-22 00:00:00 UTC,237.671552830214,242.0,235.11
2015-05-23 00:00:00 UTC,239.754692699319,240.64,237.89
2015-05-24 00:00:00 UTC,240.112678461464,242.0,238.27
2015-05-25 00:00:00 UTC,238.847074985002,241.4,236.71
2015-05-26 00:00:00 UTC,237.548510591959,238.34,235.81
2015-05-27 00:00:00 UTC,237.65247355366,238.75,236.47
2015-05-28 00:00:00 UTC,237.340877272912,238.48,236.23
2015-05-29 00:00:00 UTC,236.792045377021,237.68,235.01
2015-05-30 00:00:00 UTC,234.127242977139,236.99,231.0
2015-05-31 00:00:00 UTC,232.581807580163,233.94,229.55
2015-06-01 00:00:00 UTC,227.434173405472,230.99,221.58
2015-06-02 00:00:00 UTC,224.515716496958,226.68,221.84
2015-06-03 00:00:00 UTC,225.962023631232,227.45,223.82
2015-06-04 00:00:00 UTC,225.327720220718,226.07,223.56
2015-06-05 00:00:00 UTC,224.792564695215,226.74,223.01
2015-06-06 00:00:00 UTC,225.013553309671,225.61,224.27
2015-06-07 00:00:00 UTC,224.699850541915,226.09,222.88
2015-06-08 00:00:00 UTC,226.351566752698,230.16,223.63
2015-06-09 00:00:00 UTC,229.961053349838,232.06,228.31
2015-06-10 00:00:00 UTC,229.140317868443,230.45,227.98
2015-06-11 00:00:00 UTC,229.72974710711,230.92,228.7
2015-06-12 00:00:00 UTC,229.977551638021,231.32,229.01
2015-06-13 00:00:00 UTC,230.743298706292,233.49,228.79
2015-06-14 00:00:00 UTC,233.855352430818,235.0,232.53
2015-06-15 00:00:00 UTC,235.794377144008,238.5,233.6
2015-06-16 00:00:00 UTC,242.255807257565,253.26,236.01
2015-06-17 00:00:00 UTC,251.708447739683,259.46,247.0
2015-06-18 00:00:00 UTC,249.208948146177,253.29,243.51
2015-06-19 00:00:00 UTC,248.695165071676,251.05,245.04
2015-06-20 00:00:00 UTC,243.903270605778,246.99,240.46
2015-06-21 00:00:00 UTC,244.580229326528,246.98,242.0
2015-06-22 00:00:00 UTC,246.093908645702,248.5,243.86
2015-06-23 00:00:00 UTC,245.330660358502,248.06,243.01
2015-06-24 00:00:00 UTC,242.56086259687,244.92,239.51
2015-06-25 00:00:00 UTC,241.827971172081,243.44,239.91
2015-06-26 00:00:00 UTC,241.951273170937,243.1,239.91
2015-06-27 00:00:00 UTC,245.816547232586,252.22,242.6
2015-06-28 00:00:00 UTC,249.989857364447,251.87,247.51
2015-06-29 00:00:00 UTC,253.356494282907,257.99,249.09
2015-06-30 00:00:00 UTC,263.02596852866,269.39,255.91
2015-07-01 00:00:00 UTC,259.491326243593,265.45,255.12
2015-07-02 00:00:00 UTC,257.1381785991,262.0,253.0
2015-07-03 00:00:00 UTC,255.264678066061,257.37,252.77
2015-07-04 00:00:00 UTC,257.086669574847,261.0,254.4
2015-07-05 00:00:00 UTC,264.046618801245,275.25,258.99
2015-07-06 00:00:00 UTC,272.531931776701,277.88,268.27
2015-07-07 00:00:00 UTC,268.433375038795,272.11,264.5
2015-07-08 00:00:00 UTC,268.985609729838,273.97,264.41
2015-07-09 00:00:00 UTC,270.291046640957,272.5,267.1
2015-07-10 00:00:00 UTC,281.241959968768,294.71,269.0
2015-07-11 00:00:00 UTC,291.929694506012,299.0,284.5
2015-07-12 00:00:00 UTC,305.603466610671,316.52,293.5
2015-07-13 00:00:00 UTC,294.706950995401,312.91,281.62
2015-07-14 00:00:00 UTC,291.329311165599,297.78,286.25
2015-07-15 00:00:00 UTC,291.062266572228,294.11,284.98
2015-07-16 00:00:00 UTC,282.665626387702,292.78,275.0
2015-07-17 00:00:00 UTC,277.866269142478,281.38,272.64
2015-07-18 00:00:00 UTC,279.056560576834,282.71,276.34
2015-07-19 00:00:00 UTC,276.785075768759,278.48,275.0
2015-07-20 00:00:00 UTC,277.522816644944,280.0,273.34
2015-07-21 00:00:00 UTC,279.696813876854,281.27,276.85
2015-07-22 00:00:00 UTC,276.963417483247,278.54,275.01
2015-07-23 00:00:00 UTC,277.646114329875,279.75,276.28
2015-07-24 00:00:00 UTC,283.4095104418,291.52,276.43
2015-07-25 00:00:00 UTC,289.114254337919,291.67,286.82
2015-07-26 00:00:00 UTC,291.386569587509,294.49,288.65
2015-07-27 00:00:00 UTC,291.564370594905,297.0,287.24
2015-07-28 00:00:00 UTC,295.858286956875,298.0,293.65
2015-07-29 00:00:00 UTC,292.055742327664,296.58,289.01
2015-07-30 00:00:00 UTC,288.612387484363,291.56,286.56
2015-07-31 00:00:00 UTC,285.765134254827,290.0,282.79
2015-08-01 00:00:00 UTC,281.21973015596,285.6,277.26
2015-08-02 00:00:00 UTC,280.480148141791,282.62,277.33
2015-08-03 00:00:00 UTC,283.13379468265,285.86,280.27
2015-08-04 00:00:00 UTC,284.460837825829,286.47,280.11
2015-08-05 00:00:00 UTC,283.680745979557,286.25,282.01
2015-08-06 00:00:00 UTC,280.310923753427,282.61,278.95
2015-08-07 00:00:00 UTC,279.443606941696,281.17,277.05
2015-08-08 00:00:00 UTC,273.906031105474,280.16,260.07
2015-08-09 00:00:00 UTC,265.096546404662,268.8,260.97
2015-08-10 00:00:00 UTC,265.840611796471,268.89,263.17
2015-08-11 00:00:00 UTC,266.754259309757,271.99,264.91
2015-08-12 00:00:00 UTC,269.107122869734,272.4,265.79
2015-08-13 00:00:00 UTC,265.112464060293,267.82,262.94
2015-08-14 00:00:00 UTC,265.776867174984,267.98,262.5
2015-08-15 00:00:00 UTC,266.377904179385,267.69,261.77
2015-08-16 00:00:00 UTC,260.039085309218,263.1,255.67
2015-08-17 00:00:00 UTC,258.538987266774,261.57,255.58
2015-08-18 00:00:00 UTC,253.74303749155,258.04,200.0
2015-08-19 00:00:00 UTC,232.636129684555,238.99,214.91
2015-08-20 00:00:00 UTC,233.729772618627,238.2,227.45
2015-08-21 00:00:00 UTC,234.525658986454,236.99,231.15
2015-08-22 00:00:00 UTC,230.577159393868,235.53,222.68
2015-08-23 00:00:00 UTC,230.374840312246,233.25,226.15
2015-08-24 00:00:00 UTC,220.745616738047,229.24,210.0
2015-08-25 00:00:00 UTC,215.876755711346,229.49,198.02
2015-08-26 00:00:00 UTC,226.265249854181,231.97,220.16
2015-08-27 00:00:00 UTC,226.588893114053,229.99,224.0
2015-08-28 00:00:00 UTC,228.520861938153,236.18,221.2
2015-08-29 00:00:00 UTC,230.80819793469,233.95,228.0
2015-08-30 00:00:00 UTC,229.422448024374,233.47,226.59
2015-08-31 00:00:00 UTC,229.579772794116,233.0,225.23
2015-09-01 00:00:00 UTC,228.868020670653,233.5,226.42
2015-09-02 00:00:00 UTC,228.625556973721,231.43,226.43
2015-09-03 00:00:00 UTC,228.215312768238,230.79,226.48
2015-09-04 00:00:00 UTC,229.911344441819,232.49,227.24
2015-09-05 00:00:00 UTC,233.084089079203,237.24,230.12
2015-09-06 00:00:00 UTC,240.799343131735,244.82,235.54
2015-09-07 00:00:00 UTC,241.013053607059,242.98,239.21
2015-09-08 00:00:00 UTC,243.812989316684,247.82,240.31
2015-09-09 00:00:00 UTC,241.219572133112,244.69,238.6
2015-09-10 00:00:00 UTC,239.026834123331,241.4,236.69
2015-09-11 00:00:00 UTC,240.56469275267,241.54,238.5
2015-09-12 00:00:00 UTC,239.091066226552,241.12,235.26
2015-09-13 00:00:00 UTC,233.710059053202,236.91,229.72
2015-09-14 00:00:00 UTC,231.116338789409,233.99,228.01
2015-09-15 00:00:00 UTC,231.250095561754,232.43,230.26
2015-09-16 00:00:00 UTC,229.399601320813,232.0,226.85
2015-09-17 00:00:00 UTC,231.417768090438,235.93,229.01
2015-09-18 00:00:00 UTC,233.499980977637,234.96,231.75
2015-09-19 00:00:00 UTC,232.946030597148,234.31,232.0
2015-09-20 00:00:00 UTC,232.579785117608,234.0,231.84
2015-09-21 00:00:00 UTC,228.934417063366,233.64,226.87
2015-09-22 00:00:00 UTC,229.780535127987,232.5,224.45
2015-09-23 00:00:00 UTC,231.10063617636,233.0,229.27
2015-09-24 00:00:00 UTC,232.744906195882,235.99,230.09
2015-09-25 00:00:00 UTC,235.994843194783,237.62,234.02
2015-09-26 00:00:00 UTC,235.023669039953,236.2,233.5
2015-09-27 00:00:00 UTC,234.039994143295,235.03,233.2
2015-09-28 00:00:00 UTC,238.172564230674,240.52,233.53
2015-09-29 00:00:00 UTC,238.709318512418,241.05,236.65
2015-09-30 00:00:00 UTC,237.516203648053,238.75,236.26
2015-10-01 00:00:00 UTC,238.067191801967,239.86,236.9
2015-10-02 00:00:00 UTC,238.483809815545,239.4,236.97
2015-10-03 00:00:00 UTC,239.288315189416,240.62,237.73
2015-10-04 00:00:00 UTC,239.738824628196,240.28,239.07
2015-10-05 00:00:00 UTC,239.430256292591,240.98,237.5
2015-10-06 00:00:00 UTC,243.739186027025,248.0,240.31
2015-10-07 00:00:00 UTC,245.716324298305,247.96,240.2
2015-10-08 00:00:00 UTC,244.373446838632,245.38,242.2
2015-10-09 00:00:00 UTC,243.935615042823,244.88,241.1
2015-10-10 00:00:00 UTC,245.123425093336,246.1,243.8
2015-10-11 00:00:00 UTC,246.86590700847,250.0,245.63
2015-10-12 00:00:00 UTC,247.600167780276,249.14,245.89
2015-10-13 00:00:00 UTC,248.588089215103,251.5,244.86
2015-10-14 00:00:00 UTC,252.138219487781,255.0,250.25
2015-10-15 00:00:00 UTC,255.041423651907,256.77,253.18
2015-10-16 00:00:00 UTC,260.278873508554,267.6,254.86
2015-10-17 00:00:00 UTC,269.617796577988,274.81,263.05
2015-10-18 00:00:00 UTC,268.531495627607,273.5,262.94
2015-10-19 00:00:00 UTC,265.168650511835,268.23,262.05
2015-10-20 00:00:00 UTC,267.823866966613,272.95,264.38
2015-10-21 00:00:00 UTC,269.21676618977,272.85,265.0
2015-10-22 00:00:00 UTC,273.124775859333,280.0,268.75
2015-10-23 00:00:00 UTC,277.897176340483,281.17,275.4
2015-10-24 00:00:00 UTC,281.018223685022,284.49,278.75
2015-10-25 00:00:00 UTC,290.197403768496,295.93,283.28
2015-10-26 00:00:00 UTC,284.989952294787,287.68,282.04
2015-10-27 00:00:00 UTC,292.829872254975,297.99,286.89
2015-10-28 00:00:00 UTC,301.982578674587,308.93,295.65
2015-10-29 00:00:00 UTC,310.37082443518,320.99,301.8
2015-10-30 00:00:00 UTC,326.725378700782,336.97,315.9
2015-10-31 00:00:00 UTC,323.639524698384,334.28,306.29
2015-11-01 00:00:00 UTC,319.300178727498,332.0,311.44
2015-11-02 00:00:00 UTC,338.975292549823,371.82,326.07
2015-11-03 00:00:00 UTC,386.69978672016,422.3,362.07
2015-11-04 00:00:00 UTC,449.458424871902,499.99,368.15
2015-11-05 00:00:00 UTC,399.878500568894,450.0,366.66
2015-11-06 00:00:00 UTC,372.618167228854,395.0,351.0
2015-11-07 00:00:00 UTC,384.084599331195,392.0,371.43
2015-11-08 00:00:00 UTC,382.883938191864,389.0,363.58
2015-11-09 00:00:00 UTC,375.544861081492,386.96,360.8
2015-11-10 00:00:00 UTC,365.214423040307,382.23,322.0
2015-11-11 00:00:00 UTC,316.036355338795,341.75,293.32
2015-11-12 00:00:00 UTC,328.732481754375,344.99,312.24
2015-11-13 00:00:00 UTC,334.604119956909,343.0,325.0
2015-11-14 00:00:00 UTC,334.693934721882,339.57,329.4
2015-11-15 00:00:00 UTC,330.599592464095,336.46,319.89
2015-11-16 00:00:00 UTC,323.922230668456,334.1,316.12
2015-11-17 00:00:00 UTC,335.737876352122,340.72,330.1
2015-11-18 00:00:00 UTC,334.366209154441,338.0,330.0
2015-11-19 00:00:00 UTC,331.382008706736,336.38,324.9
2015-11-20 00:00:00 UTC,320.263003212546,327.04,311.23
2015-11-21 00:00:00 UTC,324.735389935172,328.0,316.33
2015-11-22 00:00:00 UTC,324.452847265959,327.0,321.0
2015-11-23 00:00:00 UTC,323.58386389965,326.0,322.0
2015-11-24 00:00:00 UTC,321.552456274579,323.17,318.0
2015-11-25 00:00:00 UTC,322.940966708463,330.06,316.26
2015-11-26 00:00:00 UTC,342.9818033439,368.18,328.98
2015-11-27 00:00:00 UTC,356.120997369485,364.46,347.96
2015-11-28 00:00:00 UTC,355.183610771145,359.63,351.09
2015-11-29 00:00:00 UTC,360.603624961584,373.63,354.26
2015-11-30 00:00:00 UTC,376.286575132125,382.87,367.5
2015-12-01 00:00:00 UTC,367.480341033656,378.94,354.6
2015-12-02 00:00:00 UTC,355.760936784725,363.06,347.55
2015-12-03 00:00:00 UTC,362.656089685641,369.99,356.52
2015-12-04 00:00:00 UTC,361.018869538501,364.85,355.43
2015-12-05 00:00:00 UTC,375.344257537498,390.0,363.97
2015-12-06 00:00:00 UTC,391.884688599926,401.01,375.22
2015-12-07 00:00:00 UTC,392.051031086868,397.57,383.0
2015-12-08 00:00:00 UTC,394.963346978065,418.94,386.69
2015-12-09 00:00:00 UTC,415.308561761011,425.0,401.0
2015-12-10 00:00:00 UTC,415.305302609012,419.5,408.0
2015-12-11 00:00:00 UTC,433.11330342833,453.13,415.67
2015-12-12 00:00:00 UTC,432.822529997096,469.34,403.0
2015-12-13 00:00:00 UTC,436.241880215903,443.83,419.42
2015-12-14 00:00:00 UTC,441.327035376784,450.0,429.12
2015-12-15 00:00:00 UTC,457.222417318914,464.95,443.76
2015-12-16 00:00:00 UTC,454.905246469988,464.73,440.0
2015-12-17 00:00:00 UTC,453.553867893046,456.33,446.01
2015-12-18 00:00:00 UTC,459.272645791334,465.1,453.28
2015-12-19 00:00:00 UTC,462.425101396599,465.6,451.58
2015-12-20 00:00:00 UTC,452.172186160983,461.3,430.0
2015-12-21 00:00:00 UTC,436.282945196309,444.44,424.66
2015-12-22 00:00:00 UTC,437.073485368829,442.0,432.58
2015-12-23 00:00:00 UTC,438.79948200657,445.11,428.29
2015-12-24 00:00:00 UTC,455.070948822778,460.0,442.42
2015-12-25 00:00:00 UTC,455.517477081746,458.99,450.01
2015-12-26 00:00:00 UTC,433.280459601481,458.29,410.0
2015-12-27 00:00:00 UTC,422.32171640567,429.85,410.02
2015-12-28 00:00:00 UTC,425.216189692492,429.9,418.0
2015-12-29 00:00:00 UTC,425.368617195647,433.9,419.31
2015-12-30 00:00:00 UTC,430.086950562561,434.99,422.35
2015-12-31 00:00:00 UTC,427.151633665391,434.0,419.04
2016-01-01 00:00:00 UTC,433.233962582247,437.15,427.92
2016-01-02 00:00:00 UTC,435.026407694983,437.56,432.41
2016-01-03 00:00:00 UTC,431.343707629192,435.75,425.02
2016-01-04 00:00:00 UTC,433.584839927851,435.79,431.37
2016-01-05 00:00:00 UTC,433.347402630608,435.64,430.0
2016-01-06 00:00:00 UTC,431.89994872036,433.46,428.15
2016-01-07 00:00:00 UTC,449.975912467436,460.15,430.64
2016-01-08 00:00:00 UTC,456.27077666983,464.4,447.53
2016-01-09 00:00:00 UTC,451.993488962384,456.0,447.66
2016-01-10 00:00:00 UTC,446.714425352029,451.39,442.96
2016-01-11 00:00:00 UTC,448.948014546365,452.65,445.88
2016-01-12 00:00:00 UTC,446.923494264457,449.44,431.83
2016-01-13 00:00:00 UTC,431.166433639172,437.5,425.0
2016-01-14 00:00:00 UTC,431.904418997621,435.27,428.0
2016-01-15 00:00:00 UTC,399.531379085181,430.29,357.3
2016-01-16 00:00:00 UTC,371.172366432389,391.0,350.92
2016-01-17 00:00:00 UTC,384.040756419117,391.0,372.0
2016-01-18 00:00:00 UTC,380.360905726142,386.1,370.1
2016-01-19 00:00:00 UTC,381.063552041537,385.5,370.0
2016-01-20 00:00:00 UTC,391.116860047906,425.1,369.0
2016-01-21 00:00:00 UTC,413.255169342956,424.78,403.21
2016-01-22 00:00:00 UTC,393.963630519943,413.99,373.86
2016-01-23 00:00:00 UTC,390.068681568719,398.72,382.55
2016-01-24 00:00:00 UTC,397.060382586678,406.93,387.49
2016-01-25 00:00:00 UTC,396.251738624427,403.04,386.41
2016-01-26 00:00:00 UTC,393.126693171143,397.0,387.78
2016-01-27 00:00:00 UTC,394.364761888664,397.18,390.7
2016-01-28 00:00:00 UTC,384.16813905727,395.0,377.12
2016-01-29 00:00:00 UTC,376.991684267394,385.05,363.25
2016-01-30 00:00:00 UTC,379.101832924399,382.04,375.0
2016-01-31 00:00:00 UTC,379.547971683522,382.5,365.0
2016-02-01 00:00:00 UTC,373.117957543782,379.0,366.26
2016-02-02 00:00:00 UTC,372.827346825136,374.41,371.17
2016-02-03 00:00:00 UTC,371.037901301736,373.01,365.63
2016-02-04 00:00:00 UTC,377.10697095139,390.63,368.74
2016-02-05 00:00:00 UTC,385.9123459589,389.36,382.99
2016-02-06 00:00:00 UTC,375.645766218346,384.54,370.05
2016-02-07 00:00:00 UTC,376.510622679642,379.81,373.24
2016-02-08 00:00:00 UTC,376.117969128635,379.35,370.5
2016-02-09 00:00:00 UTC,371.981664841573,374.93,370.13
2016-02-10 00:00:00 UTC,376.069346230974,383.34,371.87
2016-02-11 00:00:00 UTC,375.365283216208,379.5,361.1
2016-02-12 00:00:00 UTC,379.9872740888,382.05,377.46
2016-02-13 00:00:00 UTC,388.467730704883,396.0,381.99
2016-02-14 00:00:00 UTC,399.044891446213,406.92,391.0
2016-02-15 00:00:00 UTC,402.299402876975,409.09,394.03
2016-02-16 00:00:00 UTC,402.998384363584,407.5,390.0
2016-02-17 00:00:00 UTC,414.196349600723,420.13,405.69
2016-02-18 00:00:00 UTC,419.637045080509,423.2,415.01
2016-02-19 00:00:00 UTC,419.548499218234,422.0,416.0
2016-02-20 00:00:00 UTC,431.083849830259,444.03,420.09
2016-02-21 00:00:00 UTC,437.949657506447,448.7,426.01
2016-02-22 00:00:00 UTC,436.139327654784,439.0,430.95
2016-02-23 00:00:00 UTC,426.784363202127,440.9,414.16
2016-02-24 00:00:00 UTC,420.934012591131,425.6,410.0
2016-02-25 00:00:00 UTC,422.947463586857,426.44,418.6
2016-02-26 00:00:00 UTC,423.341432841848,430.85,419.53
2016-02-27 00:00:00 UTC,432.141570916404,434.97,430.14
2016-02-28 00:00:00 UTC,429.634916921044,436.07,423.0
2016-02-29 00:00:00 UTC,436.154568311339,442.0,431.13
2016-03-01 00:00:00 UTC,433.422223193673,437.78,427.5
2016-03-02 00:00:00 UTC,430.74898593024,435.36,418.36
2016-03-03 00:00:00 UTC,418.192894065343,422.8,408.63
2016-03-04 00:00:00 UTC,417.414024400778,422.21,405.5
2016-03-05 00:00:00 UTC,398.02171479526,408.83,381.09
2016-03-06 00:00:00 UTC,401.769479450763,409.27,385.01
2016-03-07 00:00:00 UTC,407.325297583121,418.74,395.0
2016-03-08 00:00:00 UTC,411.961573113155,416.33,407.4
2016-03-09 00:00:00 UTC,411.310593264557,414.0,408.75
2016-03-10 00:00:00 UTC,413.469845337188,416.52,410.71
2016-03-11 00:00:00 UTC,418.650678849361,421.0,414.97
2016-03-12 00:00:00 UTC,413.708739296205,421.3,406.52
2016-03-13 00:00:00 UTC,413.060859662182,416.38,410.01
2016-03-14 00:00:00 UTC,413.664920688307,415.84,411.61
2016-03-15 00:00:00 UTC,415.183946028387,416.94,412.48
2016-03-16 00:00:00 UTC,414.993493926791,416.39,413.0
2016-03-17 00:00:00 UTC,418.144088115354,419.75,415.7
2016-03-18 00:00:00 UTC,412.882035176639,418.66,399.21
2016-03-19 00:00:00 UTC,408.467867182699,411.0,404.72
2016-03-20 00:00:00 UTC,411.519644566038,415.34,409.36
2016-03-21 00:00:00 UTC,409.547302853818,412.13,406.89
2016-03-22 00:00:00 UTC,415.67275342732,417.79,411.0
2016-03-23 00:00:00 UTC,417.037552477144,418.99,413.95
2016-03-24 00:00:00 UTC,415.722186976426,417.72,410.0
2016-03-25 00:00:00 UTC,414.824749459135,416.87,411.0
2016-03-26 00:00:00 UTC,416.507545648437,417.77,414.37
2016-03-27 00:00:00 UTC,419.879660568097,426.5,416.35
2016-03-28 00:00:00 UTC,422.720592824029,425.36,419.63
2016-03-29 00:00:00 UTC,418.364640521681,424.62,407.75
2016-03-30 00:00:00 UTC,413.180613626254,416.41,407.56
2016-03-31 00:00:00 UTC,415.171441700188,417.6,412.74
2016-04-01 00:00:00 UTC,416.223716403031,417.68,414.12
2016-04-02 00:00:00 UTC,419.413309643256,420.5,417.04
2016-04-03 00:00:00 UTC,419.676816822439,420.8,418.33
2016-04-04 00:00:00 UTC,419.382955087088,421.0,417.58
2016-04-05 00:00:00 UTC,421.515523621541,423.43,418.01
2016-04-06 00:00:00 UTC,422.001468133698,423.0,420.61
2016-04-07 00:00:00 UTC,421.450518873507,422.74,419.41
2016-04-08 00:00:00 UTC,422.230783501612,424.65,415.71
2016-04-09 00:00:00 UTC,418.41234057604,419.79,415.51
2016-04-10 00:00:00 UTC,421.92288403802,423.99,419.46
2016-04-11 00:00:00 UTC,422.58084891654,424.0,420.15
2016-04-12 00:00:00 UTC,426.726712910453,429.77,423.14
2016-04-13 00:00:00 UTC,426.618776554367,429.44,423.59
2016-04-14 00:00:00 UTC,425.81908405645,428.0,424.52
2016-04-15 00:00:00 UTC,428.672477203674,431.1,425.72
2016-04-16 00:00:00 UTC,432.401653296489,434.89,429.89
2016-04-17 00:00:00 UTC,432.664480035754,434.93,429.15
2016-04-18 00:00:00 UTC,430.597361984496,434.46,428.44
2016-04-19 00:00:00 UTC,431.201908954098,438.2,429.22
2016-04-20 00:00:00 UTC,438.992516161215,444.07,436.17
2016-04-21 00:00:00 UTC,445.607664402932,453.8,441.99
2016-04-22 00:00:00 UTC,448.310041958483,452.95,445.07
2016-04-23 00:00:00 UTC,450.016712910571,455.84,447.03
2016-04-24 00:00:00 UTC,459.132870462481,465.0,454.55
2016-04-25 00:00:00 UTC,464.114107003172,472.38,454.65
2016-04-26 00:00:00 UTC,468.33792220903,472.11,464.01
2016-04-27 00:00:00 UTC,461.992597385286,470.79,440.94
2016-04-28 00:00:00 UTC,446.398811187609,451.88,434.79
2016-04-29 00:00:00 UTC,452.84728285831,459.44,448.5
2016-04-30 00:00:00 UTC,456.013177595263,459.33,450.13
2016-05-01 00:00:00 UTC,455.278645500911,457.07,451.55
2016-05-02 00:00:00 UTC,449.093228869056,457.63,440.02
2016-05-03 00:00:00 UTC,448.71509347163,453.29,443.61
2016-05-04 00:00:00 UTC,449.612658475589,453.23,446.76
2016-05-05 00:00:00 UTC,449.431124476373,451.56,447.0
2016-05-06 00:00:00 UTC,454.228526742519,463.73,448.84
2016-05-07 00:00:00 UTC,461.485528472198,464.0,459.55
2016-05-08 00:00:00 UTC,461.13864001027,465.0,457.5
2016-05-09 00:00:00 UTC,461.937031233717,465.9,459.41
2016-05-10 00:00:00 UTC,457.561510080982,465.0,448.2
2016-05-11 00:00:00 UTC,455.700520600766,458.65,452.5
2016-05-12 00:00:00 UTC,452.650904619462,456.57,449.27
2016-05-13 00:00:00 UTC,456.170669401393,458.03,453.84
2016-05-14 00:00:00 UTC,457.820761534971,459.83,456.0
2016-05-15 00:00:00 UTC,460.332988414843,463.62,458.49
2016-05-16 00:00:00 UTC,458.562883896772,461.59,451.48
2016-05-17 00:00:00 UTC,455.600752297426,457.49,452.2
2016-05-18 00:00:00 UTC,456.194059660774,457.88,453.6
2016-05-19 00:00:00 UTC,450.478201371607,456.41,435.0
2016-05-20 00:00:00 UTC,442.946790219319,445.85,435.5
2016-05-21 00:00:00 UTC,445.542390040082,446.99,441.88
2016-05-22 00:00:00 UTC,444.640668156992,446.45,440.89
2016-05-23 00:00:00 UTC,443.675865475334,446.3,440.79
2016-05-24 00:00:00 UTC,446.367504429069,448.5,440.5
2016-05-25 00:00:00 UTC,449.856922541112,452.42,446.86
2016-05-26 00:00:00 UTC,452.081026054915,454.99,449.0
2016-05-27 00:00:00 UTC,470.427352961946,476.75,454.35
2016-05-28 00:00:00 UTC,495.676627262332,539.49,470.13
2016-05-29 00:00:00 UTC,521.520541063007,549.99,492.35
2016-05-30 00:00:00 UTC,531.282804156928,541.0,519.0
2016-05-31 00:00:00 UTC,533.387751939552,544.9,520.01
2016-06-01 00:00:00 UTC,533.33696656559,541.5,524.39
2016-06-02 00:00:00 UTC,536.171467206445,541.2,531.86
2016-06-03 00:00:00 UTC,554.988610856183,578.0,535.96
2016-06-04 00:00:00 UTC,576.623718147809,594.64,564.29
2016-06-05 00:00:00 UTC,577.798437409858,585.0,570.22
2016-06-06 00:00:00 UTC,583.077194540807,588.15,575.0
2016-06-07 00:00:00 UTC,582.776979937285,590.95,483.78
2016-06-08 00:00:00 UTC,579.052037645337,583.99,572.96
2016-06-09 00:00:00 UTC,579.23349787422,583.48,574.0
2016-06-10 00:00:00 UTC,578.234390979265,581.0,573.5
2016-06-11 00:00:00 UTC,586.52582595831,610.0,580.31
2016-06-12 00:00:00 UTC,642.97006966658,687.71,605.0
2016-06-13 00:00:00 UTC,692.145712624622,720.0,663.55
2016-06-14 00:00:00 UTC,686.992819429432,706.45,650.02
2016-06-15 00:00:00 UTC,685.5139380557,699.3,673.0
2016-06-16 00:00:00 UTC,743.087101555568,777.68,698.76
2016-06-17 00:00:00 UTC,752.508920816986,778.5,709.01
2016-06-18 00:00:00 UTC,755.937123396666,785.15,734.8
2016-06-19 00:00:00 UTC,759.050525803902,771.92,744.77
2016-06-20 00:00:00 UTC,750.625591558127,768.94,702.0
2016-06-21 00:00:00 UTC,679.549726024987,718.26,628.6
2016-06-22 00:00:00 UTC,653.208847567223,679.99,568.11
2016-06-23 00:00:00 UTC,597.260364136847,637.89,544.13
2016-06-24 00:00:00 UTC,667.131899519557,700.0,631.01
2016-06-25 00:00:00 UTC,680.491560528405,699.0,650.0
2016-06-26 00:00:00 UTC,652.095900726332,675.19,625.01
2016-06-27 00:00:00 UTC,647.793705161861,659.98,630.0
2016-06-28 00:00:00 UTC,651.692829884991,663.53,638.0
2016-06-29 00:00:00 UTC,638.163807573727,648.43,630.02
2016-06-30 00:00:00 UTC,654.386474519448,675.0,635.14
2016-07-01 00:00:00 UTC,678.652230024194,688.99,667.0
2016-07-02 00:00:00 UTC,689.338092805709,705.21,676.92
2016-07-03 00:00:00 UTC,677.797741289772,705.25,651.0
2016-07-04 00:00:00 UTC,674.237854026206,683.69,653.16
2016-07-05 00:00:00 UTC,673.781386877094,682.37,662.51
2016-07-06 00:00:00 UTC,674.296948016338,680.79,665.0
2016-07-07 00:00:00 UTC,645.195423689146,683.44,611.94
2016-07-08 00:00:00 UTC,649.788109387066,667.33,638.04
2016-07-09 00:00:00 UTC,653.655212285161,667.3,608.0
2016-07-10 00:00:00 UTC,650.587398678448,657.61,641.0
2016-07-11 00:00:00 UTC,652.892534995226,664.27,648.11
2016-07-12 00:00:00 UTC,658.822048088582,675.5,648.6
2016-07-13 00:00:00 UTC,664.342070682054,671.45,654.86
2016-07-14 00:00:00 UTC,659.06959690187,663.99,640.0
2016-07-15 00:00:00 UTC,665.496459525135,669.98,660.68
2016-07-16 00:00:00 UTC,666.91517631747,669.99,662.01
2016-07-17 00:00:00 UTC,672.464274606425,680.99,665.95
2016-07-18 00:00:00 UTC,678.84061702788,684.94,670.0
2016-07-19 00:00:00 UTC,673.421868571996,676.87,666.17
2016-07-20 00:00:00 UTC,670.856640196878,674.99,664.6
2016-07-21 00:00:00 UTC,665.446222484432,668.4,661.19
2016-07-22 00:00:00 UTC,662.793356461163,669.94,647.59
2016-07-23 00:00:00 UTC,658.601557448979,662.35,653.92
2016-07-24 00:00:00 UTC,659.401853093707,666.37,655.01
2016-07-25 00:00:00 UTC,657.979862802174,664.13,653.77
2016-07-26 00:00:00 UTC,654.698596753697,658.99,645.0
2016-07-27 00:00:00 UTC,654.469136857128,658.99,646.56
2016-07-28 00:00:00 UTC,657.18016343433,659.97,654.1
2016-07-29 00:00:00 UTC,657.087486149482,659.0,651.0
2016-07-30 00:00:00 UTC,657.098750537183,658.98,652.95
2016-07-31 00:00:00 UTC,638.83653699733,657.0,621.37
2016-08-01 00:00:00 UTC,620.400282875906,629.34,599.0
2016-08-02 00:00:00 UTC,591.854108490581,613.38,483.0
2016-08-03 00:00:00 UTC,555.074057568249,576.0,519.3
2016-08-04 00:00:00 UTC,581.421222397577,599.95,562.11
2016-08-05 00:00:00 UTC,579.089039414082,592.87,570.39
2016-08-06 00:00:00 UTC,582.024001249002,591.72,574.5
2016-08-07 00:00:00 UTC,594.24968471762,598.65,587.2
2016-08-08 00:00:00 UTC,593.132074250202,595.99,590.0
2016-08-09 00:00:00 UTC,589.543022088403,594.04,585.38
2016-08-10 00:00:00 UTC,591.948750763331,601.09,583.29
2016-08-11 00:00:00 UTC,593.528338548397,599.99,585.6
2016-08-12 00:00:00 UTC,587.572604034379,590.09,583.62
2016-08-13 00:00:00 UTC,587.905381569899,589.5,586.0
2016-08-14 00:00:00 UTC,578.080300524061,586.49,565.19
2016-08-15 00:00:00 UTC,569.998380517138,574.97,561.56
2016-08-16 00:00:00 UTC,572.906679988094,581.99,566.09
2016-08-17 00:00:00 UTC,576.531746274466,581.99,569.67
2016-08-18 00:00:00 UTC,575.060090615322,576.99,573.0
2016-08-19 00:00:00 UTC,574.807821153282,576.99,572.68
2016-08-20 00:00:00 UTC,578.286983432041,583.92,572.38
2016-08-21 00:00:00 UTC,581.919505011656,583.99,579.34
2016-08-22 00:00:00 UTC,582.506233307864,586.99,579.22
2016-08-23 00:00:00 UTC,583.126916616459,586.77,577.47
2016-08-24 00:00:00 UTC,579.736017912634,582.68,575.29
2016-08-25 00:00:00 UTC,575.306620904248,579.0,573.12
2016-08-26 00:00:00 UTC,577.714728984448,579.86,574.85
2016-08-27 00:00:00 UTC,574.136359653788,579.45,568.95
2016-08-28 00:00:00 UTC,572.364758382145,575.41,569.65
2016-08-29 00:00:00 UTC,574.184835310103,577.73,571.24
2016-08-30 00:00:00 UTC,574.967625441488,576.83,572.53
2016-08-31 00:00:00 UTC,572.542294808879,575.15,569.21
2016-09-01 00:00:00 UTC,571.54045720162,573.31,568.12
2016-09-02 00:00:00 UTC,573.375265050545,577.97,570.0
2016-09-03 00:00:00 UTC,580.378866086807,600.99,574.67
2016-09-04 00:00:00 UTC,606.477533433703,617.13,597.52
2016-09-05 00:00:00 UTC,607.515664481587,611.99,601.63
2016-09-06 00:00:00 UTC,608.845903646791,612.99,605.47
2016-09-07 00:00:00 UTC,613.16208130847,618.53,609.21
2016-09-08 00:00:00 UTC,623.109396657606,631.3,613.43
2016-09-09 00:00:00 UTC,622.89232599703,628.69,618.25
2016-09-10 00:00:00 UTC,623.361854613865,626.54,620.59
2016-09-11 00:00:00 UTC,620.745240821544,630.11,591.8
2016-09-12 00:00:00 UTC,607.11644988149,609.45,603.0
2016-09-13 00:00:00 UTC,607.95337483338,609.99,605.16
2016-09-14 00:00:00 UTC,609.51367838392,611.99,608.0
2016-09-15 00:00:00 UTC,607.963300186287,609.49,603.33
2016-09-16 00:00:00 UTC,606.829571117064,608.1,603.15
2016-09-17 00:00:00 UTC,607.569343585894,608.99,604.0
2016-09-18 00:00:00 UTC,609.042569209477,611.93,607.22
2016-09-19 00:00:00 UTC,609.838126077074,612.46,607.4
2016-09-20 00:00:00 UTC,608.79694562264,609.92,605.6
2016-09-21 00:00:00 UTC,597.828530423279,605.6,592.63
2016-09-22 00:00:00 UTC,596.874216151548,598.54,594.78
2016-09-23 00:00:00 UTC,599.246605938037,603.3,595.14
2016-09-24 00:00:00 UTC,603.867737604826,605.94,601.08
2016-09-25 00:00:00 UTC,602.344847176529,605.99,599.42
2016-09-26 00:00:00 UTC,605.146077728131,607.99,600.02
2016-09-27 00:00:00 UTC,605.104164667534,607.54,601.38
2016-09-28 00:00:00 UTC,604.708925883795,606.0,603.18
2016-09-29 00:00:00 UTC,605.435774760813,606.89,603.56
2016-09-30 00:00:00 UTC,606.219619263287,608.99,605.0
2016-10-01 00:00:00 UTC,613.958071252833,617.19,608.98
2016-10-02 00:00:00 UTC,612.795467644939,615.9,608.66
2016-10-03 00:00:00 UTC,613.360131151787,615.24,610.7
2016-10-04 00:00:00 UTC,610.650548042672,613.23,606.93
2016-10-05 00:00:00 UTC,611.657403880231,614.24,609.22
2016-10-06 00:00:00 UTC,612.567849069384,613.39,610.3
2016-10-07 00:00:00 UTC,615.012422848358,618.7,609.89
2016-10-08 00:00:00 UTC,618.944768673642,620.0,617.55
2016-10-09 00:00:00 UTC,618.250557545136,619.59,617.0
2016-10-10 00:00:00 UTC,617.656281665596,619.2,615.46
2016-10-11 00:00:00 UTC,631.907266118919,647.03,618.13
2016-10-12 00:00:00 UTC,639.337698910926,643.58,631.91
2016-10-13 00:00:00 UTC,636.563662813656,639.85,632.0
2016-10-14 00:00:00 UTC,636.780758451112,639.99,624.08
2016-10-15 00:00:00 UTC,639.094276839903,639.99,636.0
2016-10-16 00:00:00 UTC,641.639482191219,643.91,637.87
2016-10-17 00:00:00 UTC,639.773802190244,643.47,636.27
2016-10-18 00:00:00 UTC,637.603390187624,640.0,632.15
2016-10-19 00:00:00 UTC,632.570336832846,636.99,625.6
2016-10-20 00:00:00 UTC,628.544105392225,629.99,626.01
2016-10-21 00:00:00 UTC,629.72392678475,633.41,627.5
2016-10-22 00:00:00 UTC,639.727192392747,658.0,629.32
2016-10-23 00:00:00 UTC,651.956395555107,655.8,645.33
2016-10-24 00:00:00 UTC,649.087016040269,652.93,645.81
2016-10-25 00:00:00 UTC,653.68524039736,657.5,648.99
2016-10-26 00:00:00 UTC,663.74091700948,678.0,652.51
2016-10-27 00:00:00 UTC,683.517985096126,692.41,673.54
2016-10-28 00:00:00 UTC,687.560868430083,691.19,683.2
2016-10-29 00:00:00 UTC,708.643028688376,725.64,689.39
2016-10-30 00:00:00 UTC,707.118575432538,714.98,692.04
2016-10-31 00:00:00 UTC,699.994380072339,709.68,681.01
2016-11-01 00:00:00 UTC,721.389822625265,737.5,695.74
2016-11-02 00:00:00 UTC,726.248540002642,744.6,720.0
2016-11-03 00:00:00 UTC,724.780240427082,746.16,672.06
2016-11-04 00:00:00 UTC,700.818419144758,708.33,683.8
2016-11-05 00:00:00 UTC,705.365909410474,707.99,697.72
2016-11-06 00:00:00 UTC,713.438143645488,719.83,705.86
2016-11-07 00:00:00 UTC,707.948275012526,717.32,701.35
2016-11-08 00:00:00 UTC,709.072073103821,716.45,704.16
2016-11-09 00:00:00 UTC,727.847571431205,747.26,710.05
2016-11-10 00:00:00 UTC,715.176432251695,723.61,705.84
2016-11-11 00:00:00 UTC,715.056234423477,718.99,712.5
2016-11-12 00:00:00 UTC,710.136396182224,716.99,702.42
2016-11-13 00:00:00 UTC,697.123331708176,705.94,685.7
2016-11-14 00:00:00 UTC,703.302083670733,708.57,695.07
2016-11-15 00:00:00 UTC,710.657696825389,716.3,671.23
2016-11-16 00:00:00 UTC,722.988594756252,743.8,710.0
2016-11-17 00:00:00 UTC,742.516051557594,750.01,729.01
2016-11-18 00:00:00 UTC,742.554022141959,751.0,728.89
2016-11-19 00:00:00 UTC,748.387524442024,752.3,738.0
2016-11-20 00:00:00 UTC,741.262483375946,753.81,715.0
2016-11-21 00:00:00 UTC,734.704177799475,738.47,730.0
2016-11-22 00:00:00 UTC,739.514043858716,748.77,726.38
2016-11-23 00:00:00 UTC,741.859128324136,747.12,734.0
2016-11-24 00:00:00 UTC,738.314422695782,743.99,727.0
2016-11-25 00:00:00 UTC,734.378268245935,739.99,729.0
2016-11-26 00:00:00 UTC,734.865329822898,739.98,726.0
2016-11-27 00:00:00 UTC,733.390573704113,737.95,728.01
2016-11-28 00:00:00 UTC,731.572124806946,736.44,729.0
2016-11-29 00:00:00 UTC,731.775999262737,734.36,728.2
2016-11-30 00:00:00 UTC,737.918658718167,745.0,729.17
2016-12-01 00:00:00 UTC,748.584280941928,754.9,741.59
2016-12-02 00:00:00 UTC,768.154388496548,780.0,753.53
2016-12-03 00:00:00 UTC,765.756562324962,771.92,759.0
2016-12-04 00:00:00 UTC,766.10977472065,769.76,762.83
2016-12-05 00:00:00 UTC,755.874719482055,767.99,748.6
2016-12-06 00:00:00 UTC,757.489540640957,761.58,752.0
2016-12-07 00:00:00 UTC,761.730790122749,768.9,750.26
2016-12-08 00:00:00 UTC,768.154684609937,772.82,761.71
2016-12-09 00:00:00 UTC,770.192523139202,773.22,765.97
2016-12-10 00:00:00 UTC,774.585662283963,776.99,770.0
2016-12-11 00:00:00 UTC,769.501773468733,776.08,765.0
2016-12-12 00:00:00 UTC,776.572293668451,782.0,770.88
2016-12-13 00:00:00 UTC,780.683438510965,790.34,772.76
2016-12-14 00:00:00 UTC,778.812990093688,781.8,773.2
2016-12-15 00:00:00 UTC,778.514667739446,780.0,775.0
2016-12-16 00:00:00 UTC,780.047049974042,785.0,774.8
2016-12-17 00:00:00 UTC,789.073744865309,791.97,779.5
2016-12-18 00:00:00 UTC,790.274024980123,791.96,787.19
2016-12-19 00:00:00 UTC,792.763230111276,794.99,789.0
2016-12-20 00:00:00 UTC,791.359341055896,799.21,788.58
2016-12-21 00:00:00 UTC,814.66773057178,834.5,798.88
2016-12-22 00:00:00 UTC,855.926945375577,875.75,832.38
2016-12-23 00:00:00 UTC,897.879940524304,918.5,855.45
2016-12-24 00:00:00 UTC,900.821724583485,918.19,880.1
2016-12-25 00:00:00 UTC,872.582318332562,897.4,851.11
2016-12-26 00:00:00 UTC,899.41719692532,908.24,890.0
2016-12-27 00:00:00 UTC,916.727727902335,943.36,895.0
2016-12-28 00:00:00 UTC,951.783833968201,983.46,923.95
2016-12-29 00:00:00 UTC,973.180715268306,988.88,950.5
2016-12-30 00:00:00 UTC,955.794495270406,970.51,930.3
2016-12-31 00:00:00 UTC,960.777733960736,973.37,949.0
2017-01-01 00:00:00 UTC,979.453321251405,1000.0,964.37
2017-01-02 00:00:00 UTC,1012.51923973482,1034.39,990.52
2017-01-03 00:00:00 UTC,1019.29172664754,1036.99,1006.71
2017-01-04 00:00:00 UTC,1082.30102310135,1147.0,1018.0
2017-01-05 00:00:00 UTC,1053.50511379129,1175.0,880.0
2017-01-06 00:00:00 UTC,934.985373305522,1033.85,875.01
2017-01-07 00:00:00 UTC,877.582314499813,910.0,802.07
2017-01-08 00:00:00 UTC,923.862913139258,953.8,899.16
2017-01-09 00:00:00 UTC,899.115017008353,923.58,886.42
2017-01-10 00:00:00 UTC,906.785797115728,915.1,899.01
2017-01-11 00:00:00 UTC,851.453289958108,923.98,765.0
2017-01-12 00:00:00 UTC,790.429337259256,840.0,734.64
2017-01-13 00:00:00 UTC,812.327999212324,835.01,782.85
2017-01-14 00:00:00 UTC,834.283984994966,847.52,822.34
2017-01-15 00:00:00 UTC,826.196822755245,835.0,819.0
2017-01-16 00:00:00 UTC,834.705371045737,840.0,826.03
2017-01-17 00:00:00 UTC,879.335678138378,909.0,830.1
2017-01-18 00:00:00 UTC,888.667389639168,916.7,850.0
2017-01-19 00:00:00 UTC,896.906762286799,907.0,883.08
2017-01-20 00:00:00 UTC,898.244528723811,904.59,890.0
2017-01-21 00:00:00 UTC,919.176305315073,930.0,891.28
2017-01-22 00:00:00 UTC,928.616988206709,946.25,902.0
2017-01-23 00:00:00 UTC,923.108866558008,931.33,910.63
2017-01-24 00:00:00 UTC,907.879457475751,923.0,880.0
2017-01-25 00:00:00 UTC,897.111290647918,903.98,886.99
2017-01-26 00:00:00 UTC,909.081208400238,921.95,896.0
2017-01-27 00:00:00 UTC,919.957688576585,924.47,911.0
2017-01-28 00:00:00 UTC,924.097982788398,925.5,921.81
2017-01-29 00:00:00 UTC,922.685189831033,927.47,915.0
2017-01-30 00:00:00 UTC,920.400295150195,923.95,914.69
2017-01-31 00:00:00 UTC,944.052401528923,972.3,922.94
2017-02-01 00:00:00 UTC,975.430713757266,992.75,963.84
2017-02-02 00:00:00 UTC,994.641105691126,1010.0,978.74
2017-02-03 00:00:00 UTC,1013.57050709719,1024.5,994.34
2017-02-04 00:00:00 UTC,1019.30548685546,1044.12,1001.8
2017-02-05 00:00:00 UTC,1022.55601821399,1036.3,1003.02
2017-02-06 00:00:00 UTC,1022.17950808173,1027.7,1014.64
2017-02-07 00:00:00 UTC,1043.63292384598,1058.26,1021.75
2017-02-08 00:00:00 UTC,1053.91310758012,1069.95,1016.49
2017-02-09 00:00:00 UTC,1025.73416654168,1079.0,925.0
2017-02-10 00:00:00 UTC,983.126156126992,1008.0,961.0
2017-02-11 00:00:00 UTC,1013.55333421931,1023.89,995.49
2017-02-12 00:00:00 UTC,1012.34827613877,1018.88,1008.0
2017-02-13 00:00:00 UTC,1004.73696266325,1021.5,985.68
2017-02-14 00:00:00 UTC,1008.19849652711,1018.97,992.27
2017-02-15 00:00:00 UTC,1012.28657766114,1016.0,1007.66
2017-02-16 00:00:00 UTC,1028.27892411176,1041.88,1013.02
2017-02-17 00:00:00 UTC,1049.78897191928,1064.6,1036.29
2017-02-18 00:00:00 UTC,1066.22896410119,1073.8,1055.6
2017-02-19 00:00:00 UTC,1059.26643908012,1067.78,1051.26
2017-02-20 00:00:00 UTC,1062.78518687577,1095.0,1051.36
2017-02-21 00:00:00 UTC,1104.33158265081,1132.95,1081.95
2017-02-22 00:00:00 UTC,1124.4841544713,1140.0,1104.9
2017-02-23 00:00:00 UTC,1149.01926400389,1197.0,1128.22
2017-02-24 00:00:00 UTC,1186.6229341417,1221.93,1103.32
2017-02-25 00:00:00 UTC,1171.67116331001,1189.49,1110.0
2017-02-26 00:00:00 UTC,1165.16600169356,1187.33,1130.88
2017-02-27 00:00:00 UTC,1189.26820257315,1198.99,1176.0
2017-02-28 00:00:00 UTC,1195.16363342341,1214.94,1179.64
2017-03-01 00:00:00 UTC,1210.70358164277,1230.0,1085.71
2017-03-02 00:00:00 UTC,1245.17723424435,1298.61,1220.0
2017-03-03 00:00:00 UTC,1278.62075694122,1294.99,1255.61
2017-03-04 00:00:00 UTC,1280.88608859519,1294.48,1226.41
2017-03-05 00:00:00 UTC,1267.01020056464,1278.99,1247.11
2017-03-06 00:00:00 UTC,1281.37559343547,1288.0,1268.78
2017-03-07 00:00:00 UTC,1256.30215644157,1288.0,1050.0
2017-03-08 00:00:00 UTC,1195.79499768725,1246.0,1128.0
2017-03-09 00:00:00 UTC,1179.69003753067,1214.95,1131.11
2017-03-10 00:00:00 UTC,1208.76333001043,1360.0,956.85
2017-03-11 00:00:00 UTC,1180.61297457945,1219.0,1107.0
2017-03-12 00:00:00 UTC,1205.88785714974,1244.0,1150.0
2017-03-13 00:00:00 UTC,1237.24187734904,1249.0,1206.0
2017-03-14 00:00:00 UTC,1246.95675503767,1262.0,1213.55
2017-03-15 00:00:00 UTC,1253.11807415782,1264.55,1240.0
2017-03-16 00:00:00 UTC,1222.56881123375,1277.27,1117.77
2017-03-17 00:00:00 UTC,1130.05701436452,1175.11,1065.74
2017-03-18 00:00:00 UTC,1031.23572636325,1096.0,919.44
2017-03-19 00:00:00 UTC,1012.3189611001,1062.92,961.59
2017-03-20 00:00:00 UTC,1035.25451575756,1051.97,1011.0
2017-03-21 00:00:00 UTC,1085.28585607859,1120.0,1042.68
2017-03-22 00:00:00 UTC,1050.36098525792,1114.96,985.17
2017-03-23 00:00:00 UTC,1035.60638839848,1057.41,1013.0
2017-03-24 00:00:00 UTC,991.317740366979,1030.3,920.1
2017-03-25 00:00:00 UTC,929.67887172035,973.99,890.05
2017-03-26 00:00:00 UTC,973.957411107643,1005.0,943.9
2017-03-27 00:00:00 UTC,1002.14118738008,1045.9,961.1
2017-03-28 00:00:00 UTC,1044.49238591293,1069.39,1016.25
2017-03-29 00:00:00 UTC,1035.27969350427,1058.16,1005.77
2017-03-30 00:00:00 UTC,1039.24894686697,1052.94,1022.0
2017-03-31 00:00:00 UTC,1063.43718987693,1094.49,1038.11
2017-04-01 00:00:00 UTC,1090.22177556542,1110.95,1071.45
2017-04-02 00:00:00 UTC,1096.32342739952,1119.0,1080.0
2017-04-03 00:00:00 UTC,1142.92462599937,1168.72,1112.24
2017-04-04 00:00:00 UTC,1147.62898021412,1164.14,1124.98
2017-04-05 00:00:00 UTC,1131.59202307396,1144.99,1114.9
2017-04-06 00:00:00 UTC,1168.02886704048,1206.97,1132.98
2017-04-07 00:00:00 UTC,1192.08536269457,1203.0,1175.26
2017-04-08 00:00:00 UTC,1188.29287851309,1198.0,1170.0
2017-04-09 00:00:00 UTC,1193.90788778338,1221.0,1175.8
2017-04-10 00:00:00 UTC,1211.80552784141,1219.78,1201.0
2017-04-11 00:00:00 UTC,1215.22253188337,1234.0,1200.0
2017-04-12 00:00:00 UTC,1219.07156984564,1227.86,1209.61
2017-04-13 00:00:00 UTC,1188.95434872645,1219.49,1148.98
2017-04-14 00:00:00 UTC,1182.25772366961,1196.92,1170.14
2017-04-15 00:00:00 UTC,1179.26797974126,1190.99,0.06
2017-04-16 00:00:00 UTC,1182.46063647121,1189.93,1171.7
2017-04-17 00:00:00 UTC,1180.02238198243,1197.6,1170.85
2017-04-18 00:00:00 UTC,1198.68784393756,1206.65,1189.76
2017-04-19 00:00:00 UTC,1201.26913581809,1215.32,1191.09
2017-04-20 00:00:00 UTC,1225.17723300036,1240.6,1212.01
2017-04-21 00:00:00 UTC,1247.4587299438,1258.77,1236.15
2017-04-22 00:00:00 UTC,1245.4042902448,1253.0,1221.51
2017-04-23 00:00:00 UTC,1247.10284790934,1254.0,1236.2
