;marketPriceBTCInUSD;tradeVolume;medianConfirmationTime;blocksSize;costPerTransactionPercent;difficulty;hashRate;numberOfTransactionsPerBlock;totalTransactions;totalAdressesTransactions;numberOfcirculatingBitcoins;marketCapitalization
2016-01-01;432.33;20406959.2119;7.7833333333;53710;2.6150875125;1467328.02;697129.166406;1304;101247924;232199;15031975;6498773751.75
2016-02-01;433.94;15069490.9225;10.0333333333;53789;3.2649610897;1498828.76;707457.005908;1235;101390828;334703;15035400;6524461476
2016-03-01;428.13;23322149.802;7.1333333333;53867;3.0962180291;1604631.24;769424.042922;1085;101531892;295177;15039125;6438700586.25
2016-04-01;433;21949458.6916;6.3833333333;53962;2.3481192252;1906932;903685.956452;1121;101702068;363742;15043500;6513835500
2016-05-01;431.9;20487753.0816;6.7333333333;54067;1.964872521;1774245.2;841718.919438;968;101889080;365051;15047575;6499047642.5
2016-06-01;430.75;19156844.9786;9.45;54160;1.5942515492;1477472.5;702293.086157;1057;102066558;338929;15050975;6483207481.25
2016-07-01;453.71;58478075.9822;10;54257;1.2929318122;1648782.14;743604.444166;1117;102244431;326219;15054575;6830411223.25
2016-08-01;447.04;41191540.305;7.2166666667;54366;1.6278743117;1971446.4;903685.956452;1252;102434432;366508;15058950;6731953008
2016-09-01;450.15;17656850.6046;7.2166666667;54462;2.5612458856;1802400.6;821063.240434;1389;102612806;371151;15062925;6780575688.75
2016-10-01;446.24;20063783.1186;6.6833333333;54552;2.2313985756;1909014.72;877866.357696;1504;102777493;363228;15067175;6723576172
2016-11-01;447.11;25254134.411;6.7;54660;1.7925407623;1914972.13;877866.357696;1369;102957264;365605;15071425;6738584831.75
2016-12-01;446.66;20987190.7616;6.7333333333;54763;1.9994186144;1980490.44;908849.876203;1386;103153920;372889;15075825;6733767994.5
2016-13-01;429.57;45901744.1211;7.45;54864;1.5432361691;1657710.63;862135.539442;1222;103345548;341119;15079650;6477765250.5
2016-14-01;431.9;19112138.8037;8.8833333333;54961;1.6286555447;1439090.8;743803.210499;1380;103528938;354601;15082950;6514326105
2016-15-01;391.62;116205455.818;10.5;55057;0.954809184;1217938.2;693089.355238;1342;103714043;344968;15086025;5907989110.5
2016-16-01;370.4;71683286.4755;9.3;55162;1.153545077;1300104;783247.320146;1568;103904344;393797;15089500;5589150800
2016-17-01;385.45;25665045.6335;8.4333333333;55265;1.9482809769;1352544.05;783247.320146;1370;104097075;447783;15092975;5817587213.75
2016-18-01;385.28;25780217.133;5.95;55381;2.29852086;1700240.64;986102.741192;1122;104311009;395421;15097350;5816707008
2016-19-01;378.66;25270093.755;8.3166666667;55493;1.6521743747;1425654.9;839596.048215;1166;104516744;382142;15101075;5718173059.5
2016-20-01;408.33;78165567.7533;8.5833333333;55619;1.177138386;1509187.68;822691.429794;1217;104712777;387569;15104725;6167712359.25
2016-21-01;408;37002467.8592;9.1666666667;55731;1.0235460194;1384752;755072.956112;1440;104923017;406195;15108075;6164094600
2016-22-01;385.7;59059297.6044;8.3333333333;55850;1.5745857782;1610297.5;929754.013123;1470;105149123;413921;15112200;5828775540
2016-23-01;388.5;24905687.7316;6.4833333333;55959;1.6062348508;1754466;1008642.23242;1563;105350036;435226;15116675;5872828237.5
2016-24-01;404.75;26166918.645;8.0333333333;56058;2.117654891;1694688.25;935388.88593;1309;105543608;383842;15120825;6120153918.75
2016-25-01;387.09;27947836.8106;6.9;56170;0.9410453429;1691196.21;974832.995578;1186;105754200;404020;15125150;5854794313.5
2016-26-01;394.12;23253230.3312;8.5166666667;56293;1.3124627904;1634415.64;978569.915444;942;105990375;462802;15129250;5962740010
2016-27-01;394.45;17463880.6874;7.6666666667;56405;1.1414615469;1537171.65;918901.018161;1260;106216760;414610;15133100;5969251295
2016-28-01;382.44;30483418.7072;9.55;56525;0.9504215387;1434150;883099.679791;1414;106448214;445935;15136800;5788917792
2016-29-01;377.26;54312432.201;7.05;56637;1.1014958672;1620331.7;1014371.25381;1149;106670836;424226;15141050;5712112523
2016-30-01;378.24;14343796.7501;7.25;56750;1.1468528679;1689976.32;1056139.48191;1086;106880820;428332;15145475;5728624464
2016-31-01;376.86;17760429.7968;6.8166666667;56843;2.2290299901;1698131.16;1068073.26137;1199;107049445;384209;15149950;5709410157
2016-01-02;372;28865406.8139;8.55;56968;1.0982729534;1655772;1050172.59218;1218;107271209;437884;15154350;5637418200
2016-02-02;373.48;19943929.1014;8.6666666667;57103;1.0738564941;1552556.36;978569.915444;1165;107503207;451155;15158450;5661377906
2016-03-02;368.38;23767287.735;7.4833333333;57224;1.5016448484;1620135.24;1038238.81273;1369;107703294;388710;15162800;5585672264
2016-04-02;385.06;41655064.8085;6.8833333333;57341;1.4837092758;1796689.96;1103874.59974;1365;107904359;399236;15167425;5840368670.5
2016-05-02;386.49;24231098.3145;6.1666666667;57455;1.1270987987;1755051.09;1074040.1511;1384;108120269;393084;15171925;5863797293.25
2016-06-02;373.04;30866009.8532;6.5166666667;57579;1.4863428087;1796933.68;1139675.93811;1184;108353021;441758;15176700;5661516168
2016-07-02;373.74;15640570.8048;6.8333333333;57700;2.1541908753;1714719.12;1303860.28146;1276;108565155;452004;15181250;5673840375
2016-08-02;375.8;24531012.2045;7.7333333333;57821;1.637128065;1527627;1153414.86437;1245;108785714;396540;15185275;5706626345
2016-09-02;372.61;21330382.4776;8.3166666667;57946;1.4644800151;1589926.87;1210727.40421;1049;109016513;429776;15189500;5659759595
2016-10-02;378.98;36978851.3269;7.2666666667;58066;1.2455932336;1617865.62;1210727.40421;1401;109250454;396665;15193725;5758117900.5
2016-11-02;376.75;26042971.8176;5.9833333333;58188;1.3505611566;1824977;1375500.95627;1468;109477917;429313;15198525;5726044293.75
2016-12-02;381.46;22212756.8286;7.1;58293;1.2926024189;1531180.44;1139086.72941;1624;109680823;392638;15202500;5799145650
2016-13-02;388.6;18777635.9201;7.65;58395;1.2532983086;1500384.6;1096102.32453;1182;109871383;407580;15206325;5909177895
2016-14-02;402.38;30702017.3075;6.2166666667;58497;1.7393044685;1824390.92;1289532.1465;1550;110060310;390085;15210825;6120531763.5
2016-15-02;402.64;34078398.8376;8.2333333333;58608;1.0398147047;1505873.6;1060281.98712;1425;110267707;424653;15214525;6125976346
2016-16-02;406.69;28047318.6816;8.65;58717;1.0195981104;1531594.54;1067446.0546;1660;110486487;424752;15218250;6189110092.5
2016-17-02;418.04;39099468.2342;9.5;58833;0.865280549;1481533.76;1002969.44728;1730;110713890;436155;15221750;6363300370
2016-18-02;418.97;32029699.8436;5.9333333333;58945;1.2617386021;1902961.74;1289532.1465;1826;110926655;416530;15226250;6379341962.5
2016-19-02;418.02;22201850.3562;9.2333333333;59052;1.0983778948;1471848.42;1129682.78043;1830;111142207;411494;15229725;6366329644.5
2016-20-02;439.48;49142940.239;7.9;59169;1.1550752128;1754843.64;1284099.85114;1508;111367466;440841;15233675;6694895489
2016-21-02;434.67;45001750.1744;9.9166666667;59274;1.0136497163;1386597.3;1024028.99521;1399;111576742;399688;15236825;6622990722.75
2016-22-02;438.5;25463328.1084;10.4;59385;1.0151813324;1443980.5;1056537.8522;1392;111801706;469044;15240075;6682772887.5
2016-23-02;417;41312427.126;9.1666666667;59505;0.9080545447;1427391;1097173.92344;1508;112048284;464117;15243450;6356518650
2016-24-02;423.1;29085738.813;9.8333333333;59615;0.9422289459;1319648.9;999647.352469;1968;112273396;411081;15246525;6450804727.5
2016-25-02;421.4;22095111.3957;8.9666666667;59736;1.0277432977;1547380.8;1178446.06592;2036;112492095;412050;15250150;6426413210
2016-26-02;424.34;24487221.7856;7.4666666667;59849;1.1265604342;1609521.62;1219082.13716;1760;112701975;404307;15253900;6472839926
2016-27-02;432;18649773.6191;8.55;59946;0.9599318283;1431216;1064665.06645;1663;112884398;378857;15257175;6591099600
2016-28-02;433.47;22184549.4353;8.95;60050;1.115137245;1632881.49;1210954.92291;1395;113109095;412223;15260900;6615142323
2016-29-02;436.18;31357633.0752;11.4166666667;60171;0.6601430389;1495225.04;1097173.92344;1497;113374790;470332;15264275;6657971469.5
2016-01-03;431.87;30939871.9084;12.4166666667;60285;0.6306429495;1405736.85;1040283.42371;1233;113635409;451258;15267475;6593564428.25
2016-02-03;429.99;26429723.2544;9.9833333333;60427;0.7265490864;1720819.98;1275972.63689;1184;113911857;483756;15271400;6566549286
2016-03-03;421.44;33471079.525;10.8;60549;0.661068514;1431631.68;1080919.49495;1447;114133114;410737;15274725;6437380104
2016-04-03;416.48;32002741.2982;9.5666666667;60676;0.9687357743;1604280.96;1235336.56565;1137;114345218;419365;15278525;6363200092
2016-05-03;401;50904367.533;8.3333333333;60798;0.8089684246;1619238;1292227.06539;1196;114583335;422768;15282500;6128282500
2016-06-03;408.86;24330044.9112;8.7666666667;60889;1.0597147875;1437551.76;1094688.80322;1189;114754821;312335;15285975;6249823738.5
2016-07-03;411.94;25774187.7886;7.35;60990;1.2628143303;1614392.86;1220696.14747;1209;114938351;372418;15289850;6298500809
2016-08-03;412.39;21813407.596;8.5;61088;1.1656211921;1399239.27;1055311.50814;1077;115132280;363851;15293200;6306762748
2016-09-03;413.1;19572952.0075;8.2166666667;61206;1.5079411904;1725518.7;1299450.73763;1241;115319903;330958;15297325;6319324957.5
2016-10-03;416;24022113.591;6.8333333333;61318;1.2170267042;1692288;1267948.90157;1300;115512514;374551;15301350;6365361600
2016-11-03;421.22;25307656.1388;7.15;61420;1.2577948669;1733741.52;1283699.8196;1270;115706388;352895;15305425;6446951118.5
2016-12-03;410;24825381.6222;7.1666666667;61507;1.5835226181;1501010;1141941.55731;1533;115881816;328987;15309050;6276710500
2016-13-03;412.44;14705841.4384;8.3;61581;1.9306435385;1362701.76;1031685.13109;1475;116022932;310285;15312325;6315415323
2016-14-03;413.89;20282050.7868;7.6;61691;1.4075659721;1580232.02;1189194.31141;1398;116210333;393384;15316100;6339180629
2016-15-03;414.78;20597238.3355;8.4;61796;1.3541192791;1593584.76;1197069.77042;1165;116408010;367761;15319900;6354388122
2016-16-03;415.99;19419077.2239;7.1;61903;1.6812812835;1787925.02;1338828.03271;1501;116623983;369886;15324150;6374693158.5
2016-17-03;418.64;18657007.429;7.7;62004;1.2426661121;1432167.44;1063186.96715;1412;116830956;394142;15327525;6416715066
2016-18-03;408.87;28073923.8525;8.8166666667;62105;1.1738632277;1427774.04;1135311.13693;1244;117034534;364177;15330975;6268375748.25
2016-19-03;405.59;15007027.5693;8.05;62196;1.4887192909;1384278.67;1110630.46004;1291;117223397;350288;15334350;6219459016.5
2016-20-03;410.77;13576322.2292;7.6166666667;62290;2.2142927002;1563801.39;1242260.73678;1197;117399360;352210;15338125;6300441606.25
2016-21-03;410.49;18209312.2497;9.1666666667;62388;1.3679133705;1308642.12;1036588.42937;1104;117588588;375082;15341275;6297439974.75
2016-22-03;415.35;21365652.9856;7.2666666667;62496;1.2650217324;1565038.8;1225806.95219;1055;117799076;399764;15345000;6373545750
2016-23-03;417.8;16895793.7908;7.65;62595;1.4349569681;1593071.4;1242260.73678;1276;117986953;322191;15348775;6412718195
2016-24-03;416.47;17536542.0868;7.8666666667;62697;1.1391636374;1588000.11;1242260.73678;1128;118181938;381250;15352550;6393876498.5
2016-25-03;416.44;14830264.68;7.2666666667;62789;1.1510907436;1523337.52;1192899.383;1307;118355547;326933;15356175;6394925517
2016-26-03;415.71;12371345.8365;7.7666666667;62878;1.5317352163;1541868.39;1209353.1676;1671;118517945;323407;15359850;6385243243.5
2016-27-03;426.8;25434491.6184;7.2833333333;62971;1.4276582895;1646594.4;1258714.52138;1487;118679431;310868;15363675;6557216490
2016-28-03;422.96;19238321.7855;9.2;63077;1.2565798244;1519272.32;1168218.70611;1311;118860731;349278;15367225;6499721486
2016-29-03;414;30415319.922;7;63195;1.5180324646;1780614;1398571.69042;1202;119052572;341678;15371475;6363790650
2016-30-03;412.35;19975338.1149;8.5;63323;1.0608065136;1660945.8;1308075.87516;1225;119260478;402557;15375450;6340066807.5
2016-31-03;416.94;18808489.1414;9.3166666667;63427;1.0771523785;1321282.86;1028361.53707;1454;119469454;337655;15378575;6411943060.5
2016-01-04;416.25;16409420.6304;8.6333333333;63527;1.2003774137;1444803.75;1136310.01874;1410;119673265;332670;15382000;6402757500
2016-02-04;418.07;13685333.025;10.6333333333;63650;1.6449462787;1591174.42;1244135.05701;1506;119869916;394636;15385750;6432320502.5
2016-03-04;418.07;10626132.6415;8.3166666667;63756;2.0473347719;1554802.33;1219252.35587;1527;120046638;334761;15389425;6433856909.75
2016-04-04;418.99;15550675.1492;6.9666666667;63865;1.5553390369;1735875.57;1360254.329;1281;120247617;404374;15393525;6449733039.75
2016-05-04;421.77;18164095.9885;8.6333333333;63981;1.1379351548;1591759.98;1235840.8233;1044;120464301;395942;15397250;6494098132.5
2016-06-04;421.09;15707133.7908;7.2666666667;64091;1.0892481649;1650251.71;1285606.22558;1439;120682886;390324;15401125;6485259726.25
2016-07-04;420.33;17028964.2194;9.05;64197;0.9797811332;1558583.64;1210958.12216;1580;120902801;372004;15404775;6475089075.75
2016-08-04;422.2;20186636.2392;7.8;64300;1.2189419912;1506409.6;1169486.95359;1418;121118242;370187;15408300;6505384260
2016-09-04;417.73;12511808.476;7.0333333333;64402;1.6927349432;1707680.24;1343665.86157;1395;121325797;375080;15412350;6438200965.5
2016-10-04;421.63;9701992.4954;6.2333333333;64500;2.1957715044;1848004.29;1443196.66613;1495;121507459;320083;15416700;6500143221
2016-11-04;420.69;15796771.1496;8.2833333333;64613;1.4453924932;1607456.49;1252429.29072;1347;121724837;414497;15420475;6487239627.75
2016-12-04;425.89;25818110.244;7.5333333333;64733;1.1278013012;1639676.5;1260723.52444;1251;121965037;413984;15424275;6569044479.75
2016-13-04;424.61;16364789.57;8.15;64847;1.2806675993;1685701.7;1302194.693;1504;122187748;355716;15428200;6550968002
2016-14-04;423.76;12971709.8742;7.3833333333;64970;1.5193545578;1767502.96;1465554.23047;1518;122418029;415731;15432325;6539602042
2016-15-04;429.09;22879890.5172;8.2;65078;1.304246282;1574760.3;1287911.29344;1522;122634879;367142;15435950;6623411785.5
2016-16-04;429.43;13788621.1134;7.9666666667;65179;1.7998509261;1550671.73;1270146.99974;1303;122827500;357397;15439525;6630195220.75
2016-17-04;425.71;12692790.0046;7.1666666667;65278;2.0674417791;1642389.18;1358968.46825;1514;123018978;351044;15443350;6574388528.5
2016-18-04;427.28;17694903.8592;8.7333333333;65383;1.3937310113;1460870.32;1199089.82493;1284;123222143;398662;15446725;6600076658
2016-19-04;435.91;17920859.9415;8.1166666667;65496;1.3743044631;1629131.43;1332322.0277;1372;123449938;389402;15450475;6636133517.25
2016-20-04;442.34;35503227.4272;7.3666666667;65610.992771;1.3323763307;1843768.25482;1465554.23046;1313.81818182;123666718;371250;15455525;6836596928.5
2016-21-04;451;29501269.424;7.8;65721.49313;1.1004776204;1721837.3624;1341204.17454;1409.2384106;123879513;401733;15459300;6972144300
2016-22-04;447.25;23844241.7205;8.6;65832.30556;1.0989856055;1618011.29057;1270146.99973;1475.35664336;124090489;359204;15462875;6915770843.75
2016-23-04;451.29;16802671.908;7.35;65926.576793;1.6332551335;1639604.70135;1279029.14659;1286.22222222;124275705;366327;15466475;6979865502.75
2016-24-04;459.4;29353633.4626;8.7833333333;66022.678047;1.3859670516;1531303.6199;1172443.38437;1387.53787879;124458860;376201;15469775;7106814635
2016-25-04;463.86;36817995.5136;9.6833333333;66133.737654;0.8884597418;1492839.92841;1128032.65011;1713.1023622;124676424;407004;15472950;7177282587
2016-26-04;467.98;34854624.5998;7.75;66256.527787;1.1299621721;1924687.35344;1341204.17454;1660.55629139;124927168;436154;15476725;7242797765.5
2016-27-04;447.31;42654741.3584;10.3666666667;66369.447075;0.8737668105;1463200.88494;1145796.94382;1856.08527132;125166603;392821;15479950;6924336434.5
2016-28-04;450;38051508.648;10;66491.604863;0.9040817664;1552496.67705;1207843.18309;1836.72592593;125414561;374956;15483325;6967496250
2016-29-04;456.16;21063414.658;7.4333333333;66620.034762;0.9119308438;1824603.31899;1403229.58036;1657.49367089;125676445;426515;15487275;7064675364
2016-30-04;447.17;17046473.3408;7.3166666667;66730.636844;1.3566731147;1650450.46585;1296655.18185;1477.47945205;125892157;371890;15490925;6927076932.25
2016-01-05;451.9;10517715.5446;7.55;66827.623072;2.0705243254;1766704.32031;1376585.98073;1235.03225806;126083587;370083;15494800;7002100120
2016-02-05;443.9;34283316.48;8.25;66945.543491;1.2301887706;1762341.41699;1394348.38048;1425.38216561;126307372;391943;15498725;6879884027.5
2016-03-05;450.96;23866897.4145;7.3416666667;67063.056171;1.1868768339;1722607.80088;1341061.18123;1560.32450331;126542981;374677;15502500;6991007400
2016-04-05;447.37;18922797.276;7.35;67182.121469;0.9807831201;1900230.17376;1492041.57911;1399.35928144;126776674;394207;15506675;6937221194.75
2016-05-05;448.51;19214683.7397;7.3333333333;67292.308494;1.3700439985;1769132.6279;1385467.18061;1481.16129032;127006254;374537;15510550;6956636780.5
2016-06-05;460.91;32475379.4496;6.5166666667;67403.422557;1.257261258;1887205.00671;1438754.37986;1439.7037037;127239486;375533;15514600;7150834286
2016-07-05;459.04;15060351.768;7.9333333333;67500.40094;1.7117558226;1738667.632;1332179.98135;1347.08;127441548;337042;15518350;7123543384
2016-08-05;457.82;12940418.121;6.8666666667;67595.699639;2.5960410616;1881265.30804;1447635.57974;1138.41717791;127627110;349946;15522500;7106510950
2016-09-05;461.63;23824164.1218;7;67706.054529;1.4567102677;2015490.71892;1536447.57849;1324.2748538;127853561;405580;15526825;7167648224.75
2016-10-05;450;28095275.361;7.8333333333;67820.906148;1.1730431123;1799145.83579;1403229.58036;1555.19620253;128099282;405856;15530775;6988848750
2016-11-05;452.51;20927427.4956;9.4833333333;67929.037246;1.0666725326;1525359.47321;1284309.11259;1762.4962406;128333694;383199;15534100;7029335591
2016-12-05;454.7;22652718.674;8.2833333333;68037.456408;1.0129101046;1601340.81171;1342247.86954;1643.23021583;128562103;377121;15537575;7064935352.5
2016-13-05;456.82;15841283.8822;7.9666666667;68153.385881;1.2614115187;1757652.48646;1467781.84295;1527.27631579;128794249;378733;15541375;7099610927.5
2016-14-05;455.65;10458258.4269;9.8166666667;68270.363263;1.6055943666;1662212.65022;1390530.16701;1467.22222222;129005529;369111;15544975;7083067858.75
2016-15-05;457.08;9548354.6085;8.5833333333;68378.46314;1.6546584681;1609202.06235;1342247.86954;1440.07913669;129205700;353892;15548450;7106885526
2016-16-05;454.88;17875806.6495;10.9;68506.316804;1.1775874499;1630979.37464;1361560.78853;1700.77304965;129445509;424856;15551975;7074282388
2016-17-05;452.89;16508087.6112;7.7833333333;68628.695321;1.12435872;1622904.53679;1361560.78853;1692.38297872;129684135;393224;15555500;7044930395
2016-18-05;452.9;14866087.635;9.9666666667;68763.342408;1.1330837026;1770178.4303;1487094.76194;1536.49673203;129919219;412831;15559325;7046818292.5
2016-19-05;441.87;26518499.388;11.6166666667;68878.998516;0.8448169106;1361086.73281;1168431.59867;1826.21666667;130138365;372460;15562325;6876524547.75
2016-20-05;441.25;25045661.4336;8.0166666667;68995.465601;1.0732437262;1666418.67319;1438812.46448;1405.34228188;130347761;354677;15566050;6868519562.5
2016-21-05;443.89;11310985.6272;8.5666666667;69121.138542;1.5604876344;1589937.02795;1361560.78853;1357.87943262;130539222;354128;15569575;6911178646.75
2016-22-05;438;12185445.8837;6.75;69232.197591;2.3973285219;2033724.97348;1776788.54673;1001.89130435;130723570;338084;15574175;6821488650
2016-23-05;442.17;16267423.8436;7.55;69348.808337;1.5926946129;2025077.24076;1747819.16826;1237.52777778;130946325;414216;15578675;6888422724.75
2016-24-05;445.34;15674746.7744;8.1833333333;69473.753543;1.1266568833;1663136.18974;1456454.92276;1676.98639456;131192842;406728;15582350;6939443749
2016-25-05;447.94;17482963.7888;9.9;69594.886047;0.9217622057;1583655.90402;1377192.06982;1795.97101449;131440686;397464;15585800;6981503252
2016-26-05;452.49;16430495.235;9.85;69707.648563;0.9448285665;1575322.67973;1357376.35658;1630.31851852;131660779;364137;15589175;7053945795.75
2016-27-05;470.29;62133880.5648;11.0166666667;69839.438719;0.495674301;1667597.59254;1377192.06982;1548.89208633;131876075;407566;15592650;7333067368.5
2016-28-05;522.43;68432471.5568;9.1166666667;69954.266231;0.6787840194;1764424.68141;1317744.93011;1451.53383459;132069129;377266;15595975;8147805219.25
2016-29-05;512.16;72487384.5528;7.7666666667;70054.237741;0.9202676447;1906764.23665;1456454.92276;1215.93197279;132247871;354651;15599650;7989516744
2016-30-05;525.15;41187985.5816;9.4666666667;70183.64685;0.8326083402;1934163.22268;1436639.20952;1467.84027778;132459240;403738;15603250;8194046737.5
2016-31-05;531.15;59032595.9724;9.5166666667;70293.758388;0.7789974438;1714201.23967;1258297.79041;1694.87401575;132674489;392767;15606425;8289352638.75
2016-01-06;539.47;34219344.816;10.85;70414.778065;1.0162677264;1972575.77046;1426731.35291;1639.05594406;132908874;405301;15610000;8421126700
2016-02-06;539.99;26922628.8648;9.8666666667;70528.881764;0.9978702403;1894573.92114;1367284.2132;1674.63043478;133139973;392655;15613450;8431106865.5
2016-03-06;568;60092817.477;9.6333333333;70647.105063;1.2605562341;2047467.65164;1406915.63967;1652.59859155;133374642;402066;15617000;8870456000
2016-04-06;573.74;45168189.7968;10.6166666667;70747.131228;1.2910886554;1733523.11579;1179034.93747;1652.64705882;133571307;368869;15619975;8961804456.5
2016-05-06;574.02;30675648.696;6.5333333333;70852.037756;1.7716896637;2479401.3901;1694243.48158;1120.75294118;133761835;368586;15624225;8968617634.5
2016-06-06;584.5;34509545.4635;6.5166666667;70971.965463;1.411418096;2514600.57566;1684335.62496;1301.00588235;133983006;414350;15628475;9134843637.5
2016-07-06;577.54;47316934.322;9.9333333333;71085.949397;1.0444230853;2169535.0617;1406915.63967;1775.54285714;134231582;424994;15631975;9028090841.5
2016-08-06;578.68;28300189.1564;7.9166666667;71201.471961;1.1807550319;2112419.15447;1403462.33971;1596.75694444;134461515;401953;15635575;9047994541
2016-09-06;575.2941375;30222288.2144;7.0833333333;71320.374441;1.1376425322;2410788.56682;1608133.93092;1432.44242424;134697868;426447;15639700;9023950503
2016-10-06;577.549875;24377615.4694;8.6833333333;71438.836407;0.9542887365;2116658.57487;1403462.33971;1585.88194444;134926235;407301;15643300;9064666618
2016-11-06;594.4399875;24538115.3284;7.61;71547.431252;1.4378545367;2364669.10434;1520417.53468;1366.40384615;135139394;374995;15647200;9376115184
2016-12-06;664.8465;143472595.475;8.25;71668.618192;0.8252611328;2467036.73097;1422954.8722;1443.2260274;135350105;411623;15650850;10428630880.5
2016-13-06;702.0665;146971122.839;9.7;71816.030235;1.4759759258;2830943.5;1569148.86592;1561.20496894;135601459;451922;15654875;11010699782.5
2016-14-06;685.241875;84746672.7106;12.92;71943.116517;0.9317350551;2277298.23;1296253.41098;1861.89473684;135849091;420352;15658175;10717864205.8
2016-15-06;692.289625;48065817.394;14.13;72084.519663;1.1710588918;2681772.1;1500925.00219;1704.61038961;136111601;445830;15661975;10889771217.5
2016-16-06;762.43005;169439516.676;9.66;72227.217517;0.6738165686;2863856.7;1452193.67095;1797.7852349;136379471;471278;15665700;12027967803
2016-17-06;743.9164;128874495.581;9.3;72365.899824;0.9113642635;2779037.6;1452193.67095;1703.03355705;136633223;453509;15669425;11680772866.2
2016-18-06;754.36625;85041797.5195;7.75;72503.998944;1.476325634;3016479.9;1549656.33343;1486.10691824;136869514;423334;15673375;11881985587.5
2016-19-06;760.8168;40868096.6248;6;72631.988983;2.2258317151;3392968.32;1725089.12589;1233.3220339;137087812;414283;15677800;12010449024
2016-20-06;729.192585714;36207387.1844;8.6;72759.95699;1.4289208958;3057429;1598387.66467;1520.32926829;137337146;465928;15681900;11665765410
2016-21-06;665.9586125;149642818.365;9.5666666667;72896.278581;0.8132629045;2506373.5;1551383.97529;1665.53020134;137585310;468641;15685625;10539955718.8
2016-22-06;587.4542375;106868002.098;12.6333333333;73018.266632;0.6772372877;1909240;1343144.51552;1826.6744186;137820951;422909;15688850;9256421500
2016-23-06;624.542;145480129.316;9.7833333333;73147.038052;0.7339533125;2193393.95;1457676.21839;1723.57142857;138062251;431633;15692350;9820115706.5
2016-24-06;660.60465;117308802.548;11.25;73269.641307;0.9998700251;2149986.78;1353556.48851;1837.6;138301139;437104;15695575;10357666898.2
2016-25-06;664.9068875;64948673.829;7.7833333333;73402.016245;1.8017620843;2760622.55;1728387.5161;1271.07228916;138512137;409197;15699625;10441035606.2
2016-26-06;627.3926125;50909007.7638;7.05;73514.290146;1.440718667;2297205.75;1530560.02931;1250.03401361;138695892;388840;15703275;9815960169.75
2016-27-06;646.7030125;59731341.4329;8.9166666667;73628.539644;1.1791990528;2386530.51;1530560.02931;1476.3877551;138912921;379861;15706950;10188941395.5
2016-28-06;646.378475;55881769.6312;8.7;73742.015513;1.1992960688;2418860.27;1551383.97529;1429.91946309;139125979;428929;15710650;10196368956.5
2016-29-06;637.959625;68912927.9088;9.8833333333;73853.64116;1.1908433727;2340735.1;1520148.05633;1535.01369863;139350091;371774;15714300;10063752006
2016-30-06;671.407925;66687600.5481;9.4333333333;73973.267732;1.1290725082;2538866.97;1561795.94828;1546.4;139582051;402792;15718050;10633103644.5
2016-01-07;675.1863375;61281896.9689;8.1666666667;74091.291979;1.372456452;2649743.25;1634679.7592;1340.18471338;139792460;375377;15721925;10608368893.8
2016-02-07;701.7121125;45483640.6541;8.1;74194.819736;1.5670791554;2625265.08;1551383.97529;1334.73154362;139991335;344995;15725650;11079978477
2016-03-07;658.4175;57134569.7986;8.25;74289.475653;1.6868825312;2541313.41;1603443.84023;1150.17532468;140168462;352911;15729500;10380054345
2016-04-07;676.3294375;33361880.2076;7.6333333333;74401.113954;1.5892148559;2555599.5;1601825.83565;1416.55629139;140382362;403350;15733275;10651112509.5
2016-05-07;666.4855875;31161665.028;8.5166666667;74515.542073;1.2552072856;2420500.04;1538177.12695;1482.47586207;140597321;383808;15736900;10505010226
2016-06-07;673.786825;27360174.4583;9.5666666667;74627.198793;1.3095201034;2367306.18;1485136.53636;1533.50714286;140812012;373956;15740400;10643343672
2016-07-07;636.3588625;93994828.7133;8.75;74740.678598;1.0567418628;2195264.88;1463920.30013;1571.10144928;141028824;364414;15743825;10012128070.5
2016-08-07;659.5552375;46643049.3765;9.2;74853.756118;1.266732132;2401373.2;1538177.12695;1453.11034483;141239525;363919;15747450;10423237155
2016-09-07;651.8649125;78574448.686;7.6833333333;74951.806042;1.4650015566;2036093.75;1580609.59941;1244.32885906;141424930;355380;15750587.5;10262295285.6
2016-10-07;648.0949;28357316.102;6.8;75043.192977;1.2567589004;1267110;1654866.42623;1042.35897436;141587538;325550;15752537.5;10235998867.5
2016-11-07;647.9837;26402272.4818;7.9666666667;75156.632974;0.7189767635;1162507.115;1516960.89071;1525.0979021;141805627;395742;15754325;10240153706.8
2016-12-07;672.7653125;48343367.1349;9.2666666667;75267.576074;0.6436013467;1213263.105;1516960.89071;1531.70629371;142024661;379937;15756112.5;10682486713.9
2016-13-07;657.4524875;53026862.7723;10.7333333333;75374.00218;0.5877964829;1070321.95;1379055.35519;1677.63846154;142242754;367252;15757725;10366219391.2
2016-14-07;658.8316125;34318017.3138;9.2333333333;75487.581772;0.7363514382;1175290.03;1506352.7726;1553.9084507;142463409;367953;15759487.5;10423167437.6
2016-15-07;664.57145;26928546.8393;8.9833333333;75594.261104;0.6200362951;1127082.345;1432095.94578;1600.6;142679490;367739;15761175;10514437454.2
2016-16-07;662.15335;13030366.5582;7.7666666667;75702.352224;1.0284001291;1302095.025;1665474.54435;1160.45859873;142861682;356533;15763137.5;10453324633.1
2016-17-07;675.45905;26346610.596;7.2666666667;75808.0463;0.8040629853;1266649;1580609.59941;1147.73825503;143032695;330330;15765000;10721461200
2016-18-07;673.2056375;30616321.5858;7.95;75930.270665;0.6619069127;1260663.03;1581302.6993;1515.61744966;143258522;384160;15766850;10660597959
2016-19-07;672.8432;18855335.6425;9.8;76040.451695;0.472402503;1084448.36;1358434.53362;1735.515625;143480668;373620;15768450;10660891360.5
2016-20-07;665.643125;21835386.1701;8.7166666667;76160.269335;0.7724023173;1253687.59;1591915.46909;1516.19333333;143708097;378815;15770325;10522118543.2
2016-21-07;664.882075;19396531.8726;9.7833333333;76267.902595;0.8230014063;1108239.165;1411498.38259;1636.13533835;143925703;364285;15771987.5;10488529407.4
2016-22-07;651.5813625;36015630.8104;10.5166666667;76379.357192;0.6702281123;1049710.545;1369047.30342;1716.31007752;144147107;368179;15773600;10230283752
2016-23-07;655.8469125;22033362.3228;9.8;76487.602759;0.9685688957;1073869.3;1390272.84301;1494.6259542;144342903;332946;15775237.5;10320160372.5
2016-24-07;661.4130125;23219394.3817;9.9833333333;76587.732895;0.8240941631;1044634.82;1337208.99404;1480.32539683;144529424;352244;15776787.5;10437607074.2
2016-25-07;654.69545;22293453.0939;9.9166666667;76707.940303;0.8267290365;1083868.56;1400885.6128;1822.21969697;144769957;394635;15778425;10327136946.8
2016-26-07;655.0654625;30492846.5591;10.65;76827.013297;0.6202329818;1058492;1369047.30342;1842.42635659;145007630;403997;15780037.5;10326456540
2016-27-07;654.9810375;27438393.3898;11.6333333333;76945.00209;0.64707178;1056015.1;1358434.53362;1840.6484375;145243233;372678;15781637.5;10351333852.6
2016-28-07;655.32875;16449698.2547;10.3;77065.033379;0.691310938;1126800.225;1453949.46177;1729.53284672;145480179;393901;15783337.5;10354974233.6
2016-29-07;656.8876125;16612345.8695;10.3666666667;77185.922058;0.8396458033;1216861.965;1560077.15971;1574.24489796;145711593;358940;15785175;10402588176.8
2016-30-07;654.7369625;11399491.4598;11.4166666667;77289.471154;0.9915699436;979638.83;1262919.60548;1676.33613445;145911077;364415;15786662.5;10334265005.8
2016-31-07;628.015375;38521947.4089;7.8833333333;77411.835232;0.8532667525;1205755.02;1634366.54827;1248.4025974;146103331;344751;15788587.5;9858709806.75
2016-01-08;606.322342857;39937694.3813;8.35;77536.405157;0.6928908258;1158954.12;1623753.77847;1470.90849673;146328380;402353;15790500;9553884120
2016-02-08;515.0619;57403494.6534;8.3333333333;77669.742844;0.3822206985;1174458.555;1555605.72192;1627.43225806;146580632;412309;15792425;9538466775.75
2016-03-08;565.051671429;48103787.9285;7.5;77803.053844;0.5985173708;1187784;1686075.87925;1461.60119048;146826181;403778;15794500;8908098000
2016-04-08;577.315771429;24001987.5042;7.4833333333;77922.507466;0.5449883109;1102137.73;1535533.39003;1515.26143791;147058016;387986;15796412.5;9098417671.75
2016-05-08;576.559085714;16566325.5104;6.9166666667;78040.984246;0.7992931608;1223918.4;1696112.04519;1350.55621302;147286260;381030;15798525;9110061456
2016-06-08;588.231271429;24272426.917;6.65;78144.10785;1.0806019833;1232269.97;1676039.7133;1176.95209581;147482811;342340;15800600;9309397508
2016-07-08;594.274885714;20475426.2901;8.05;78257.819382;0.7350385532;1101643.4;1485352.56029;1300.09459459;147675225;345480;15802450;9364531870
2016-08-08;592.6975;15361103.5912;9.8166666667;78383.026003;0.8332150245;1137218.25;1495388.72624;1585.84563758;147911516;411266;15804300;9547377630
2016-09-08;588.7753875;15780612.3337;12.7;78493.210491;0.6498388737;949947.25;1254520.74349;1869.632;148145220;393099;15805850;9548313985
2016-10-08;592.1899;34991566.0798;8.1166666667;78619.54178;0.6655438579;1123923.75;1525497.22408;1615.66447368;148390801;417668;15807737.5;9306805453.12
2016-11-08;589.24185;26073725.3436;9.7333333333;78748.612762;0.6173599096;1115316.8;1505424.89218;1696.76666667;148645316;408263;15809612.5;9354231524
2016-12-08;587.7556;15437752.0763;8.7333333333;78868.598621;0.7462230206;1093307.25;1495388.72624;1563.57718121;148878289;389496;15811475;9241807137.5
2016-13-08;586.4345375;11882577.7207;8.2166666667;78978.010608;1.1713268063;1197995.5;1645931.21545;1324.73780488;149095546;367024;15813512.5;9223231165.62
2016-14-08;570.976414286;15817470.2745;7.25;79082.466663;1.0338721378;1167746.4;1645931.21545;1223.0304878;149296123;360393;15815550;8995884840
2016-15-08;570.142225;19039255.2067;7.8333333333;79200.693044;0.8873227375;1035485.43;1577645.90337;1389.69863014;149499019;384259;15817375;8945200083.75
2016-16-08;581.1185875;20633789.3317;10.5666666667;79325.901373;0.5627712305;984960;1469587.96479;1885.63970588;149755466;413844;15819062.5;9111780000
2016-17-08;575.518;21788909.8515;11.3666666667;79442.726922;0.5663886599;883763.265;1329112.64462;1934.98373984;149993469;394403;15820600;9046693698
2016-18-08;576.0360875;24259885.2055;8.15;79565.75121;0.8085257635;1105741.56;1664092.25424;1555.46103896;150233010;405409;15822525;9055705733.25
2016-19-08;576.657075;15567926.1355;9.05;79687.534769;0.7328774218;1108626.82;1664092.25424;1598.01948052;150479105;403011;15824450;9071049473.5
2016-20-08;583.2078625;16537121.8294;7.3666666667;79799.205299;1.0294363061;1134217.5;1685703.84196;1348.41025641;150689457;400866;15826387.5;9205418289.38
2016-21-08;582.821675;15404607.043;6.8166666667;79899.435617;1.5299556302;1182381.625;1761344.39897;1134.3803681;150874361;357816;15828425;9185393311.75
2016-22-08;588.9727625;19463587.5994;7.0833333333;80024.444494;0.8217065251;1168789.125;1718121.22354;1445.28930818;151104162;409008;15830400;9309383328
2016-23-08;586.18515;19520117.2746;8.6833333333;80146.303322;0.6729196014;1074378.37;1588451.69723;1625.99319728;151343183;398308;15832237.5;9246976634.25
2016-24-08;582.8479875;17189751.0522;7.4;80262.257361;0.7303202226;1110792.9;1653286.46038;1555.26797386;151581139;409928;15834137.5;9186966577.5
2016-25-08;579.86365;18023876.4086;9.8833333333;80375.104614;0.6926798442;940023.48;1404753.20163;1800.06923077;151815148;390942;15835762.5;9143727625.12
2016-26-08;581.07245;12305907.4243;8.9666666667;80486.567043;0.7985235804;953716.5;1426364.78935;1717.93181818;152041915;383173;15837412.5;9154182799.12
2016-27-08;571.5419875;11038371.1521;8.7;80585.481017;1.0949422598;1024500.66;1556034.31566;1327.06944444;152233013;364840;15839212.5;9000157326.75
2016-28-08;576.534;6969155.03567;7.3;80677.97723;1.3587917719;1091820.34;1642480.66653;1147.95394737;152407502;330360;15841112.5;9098184553.25
2016-29-08;575.2244125;13006720.3398;7.3333333333;80798.506615;0.7677182389;1070546.375;1635101.52309;1511.95973154;152632784;386989;15842975;9106383600.25
2016-30-08;578.616575;15352375.3249;7.9833333333;80927.887335;0.8058584704;1194622.055;1810682.89469;1542.33939394;152887270;419511;15845025;9173160323.25
2016-31-08;574.8279375;15333990.4956;8.55;81040.731318;0.6205235033;970161.445;1481467.82293;1676.86666667;153113647;392551;15846700;9105038419
2016-01-09;572.818375;14999479.5484;8.0166666667;81160.051392;0.6503907813;1008150;1547310.83728;1689.41134752;153351854;384065;15848450;9065313400
2016-02-09;576.218;15043105.5666;6.9666666667;81271.228972;0.8526712023;1109403;1678996.86599;1476.18300654;153577710;389622;15850362.5;9194478279
2016-03-09;600.8860875;40400922.2543;10.3833333333;81368.241687;0.9274667584;959616;1382703.3014;1446.06349206;153759914;358536;15851937.5;9658268480
2016-04-09;610.59875;22587938.8404;6.0333333333;81471.946321;1.2340913794;1376331;1964316.59485;1023.70949721;153943158;347566;15854175;9752220126
2016-05-09;608.10975;22519218.6253;9.9666666667;81595.188161;0.6972274472;1072259.87;1536337.00156;1626.30714286;154170841;422792;15855925;9709692792.25
2016-06-09;611.097475;14155539.5927;8.8166666667;81713.093301;0.7679420918;1044942.9;1492441.65866;1706.75;154402959;416403;15857625;9735788868.75
2016-07-09;614.4637625;16922951.2375;8.15;81836.11174;0.8477258629;1177623.3;1668023.03026;1650.05921053;154653768;400704;15859525;9819424903.75
2016-08-09;627.777875;21304907.4826;7.9666666667;81953.343175;0.7590027443;1134450;1580232.34446;1576.43055556;154880774;399896;15861325;9996600081.25
2016-09-09;625.0709;16550749.9521;9.3666666667;82069.792152;0.7782617333;1120494.375;1569258.50873;1553.1048951;155102868;379259;15863100;9943784235
2016-10-09;625.7635;13826608.2876;7.2166666667;82170.015671;1.2665106849;1217738.125;1700944.53744;1247.22580645;155296188;355122;15865037.5;9971334719.12
2016-11-09;608.15855;19748109.5647;7.4333333333;82267.057259;1.2810028849;1251012.5;1799709.05897;1099.94512195;155476579;373779;15867087.5;9682890146.88
2016-12-09;609.6705;24913919.8681;6.8333333333;82379.662253;0.9739957071;1245625.425;1829872.71366;1280.05521472;155685228;401012;15869125;9696828831.25
2016-13-09;610.928125;32818905.1129;7.8666666667;82509.426023;0.9017093543;1275111.84;1863551.35256;1453.10240964;155926443;404798;15871187.5;9743639430
2016-14-09;612.0847375;15168677.6801;7.3333333333;82628.642295;0.9185695904;1197718.9;1751289.22289;1485.8974359;156158243;388645;15873137.5;9744519111.25
2016-15-09;610.386125;11891587.3953;8.1;82744.601032;0.9858142863;1179081.75;1728836.79696;1516.15584416;156391731;397310;15875062.5;9723634531.88
2016-16-09;609.11465;12836700.3452;8.8;82853.274142;0.9674617559;1067815;1571669.81542;1522.44285714;156604873;377920;15876800;9687705824
2016-17-09;608.006875;8953094.94796;8.5;82976.238724;1.3733765561;1239350.125;1829872.71366;1322.26380368;156820402;376568;15878837.5;9658620486.12
2016-18-09;611.5859;9289978.56372;7.7;83074.593266;1.1252359799;1112983.75;1627800.88025;1321.4;157012005;369331;15880650;9751671939
2016-19-09;610.1965;12354975.677;10.9666666667;83185.65375;0.7818034856;1013869.98;1493086.32464;1680.7518797;157235545;399754;15882312.5;9679951822.5
2016-20-09;609.74875;13349846.1245;8.2833333333;83305.831345;0.814265758;1166565.275;1717610.58399;1620.83006536;157483532;419627;15884200;9683802530
2016-21-09;598.884875;20607535.0871;6.7;83423.915743;0.8391217781;1241468.76;1863551.35256;1441.06024096;157722748;408180;15886275;9500151312.75
2016-22-09;597.4226;12923838.3341;9.55;83531.43982;0.9194903649;1051860;1582896.02838;1639.90780142;157953975;391223;15888037.5;9481980780
2016-23-09;604.2225;12358708.7831;9.8833333333;83640.955323;0.7378260043;1027531.44;1526764.96355;1641.08088235;158177162;389323;15889737.5;9592952323.5
2016-24-09;603.8854;6905876.28854;7;83747.503328;1.2762190174;1258908.625;1874777.56553;1260.53892216;158387672;369379;15891812.5;9583875364.38
2016-25-09;601.7472375;6562797.42037;6.0666666667;83853.781028;0.9276909487;1395674.25;2230413.26476;1060.74193548;158584970;374974;15894125;9541084296.25
2016-26-09;608.1469625;14621404.8975;6.95;83971.718693;0.792072235;1165493.715;1834694.7823;1508.29411765;158815739;430205;15896037.5;9682117480.88
2016-27-09;605.9622125;12980365.4284;7.1333333333;84100.535514;0.8909281054;1276511.73;2026558.28895;1437.91715976;159058747;425011;15898125;9602149537.5
2016-28-09;605.679475;9494530.32337;9.05;84216.316825;0.7690591619;1119367.32;1774737.43648;1587.80405405;159293742;433852;15899975;9610103889.75
2016-29-09;606.36375;12937983.9999;9.35;84335.409567;0.7294288583;1083864.36;1714780.09065;1697.41258741;159536472;440834;15901762.5;9631379511
2016-30-09;609.3962875;12885196.8876;9.2833333333;84455.166318;0.7347083803;1084454;1702788.62148;1767.20422535;159787415;442960;15903537.5;9716425271
2016-01-10;614.8238;7094655.17853;7.6833333333;84566.836814;1.1960124167;1205132;1882660.65897;1362.61146497;160001345;391458;15905500;9767249440
2016-02-10;610.5189125;9087020.02498;8.7666666667;84668.149849;1.1228146729;1074561;1690797.15232;1366.54609929;160194028;396449;15907262.5;9698339801
2016-03-10;611.8511;11646426.4053;8.7666666667;84799.695744;0.7898088838;1164434;1822703.31314;1715.875;160454841;469732;15909150;9750081669
2016-04-10;609.6248125;12709516.1755;9.2166666667;84929.878089;0.7419745131;1206349.75;1894652.12813;1675.07594937;160719503;477181;15911125;9718674261.25
2016-05-10;612.3522875;11326509.2509;8.2166666667;85061.626399;0.8880384207;1281294.75;2002575.35062;1597.67065868;160986314;470499;15913212.5;9762755868.75
2016-06-10;612.08875;10859575.0873;8.4666666667;85194.837893;0.8680553324;1237023.87;1930626.53563;1704.88198758;161260800;497719;15915225;9772903063.5
2016-07-10;617.21035;15826419.3016;8.65;85319.88779;0.8067926559;1116457.91;1726771.55982;1864.02083333;161529219;471181;15917012.5;9867115218.88
2016-08-10;618.046;7779460.19893;6.35;85448.53765;1.020288048;1311355.5;2171858.80433;1483.26627219;161779891;439803;15919125;9881956035
2016-09-10;615.65675;6954834.42998;7.1666666667;85557.69809;1.0694471704;1232591.36;2056197.68457;1315.925;161990439;410522;15921125;9802318240
2016-10-10;617.54825;13372142.5334;11.25;85664.891382;0.6852514187;969459.855;1606404.44107;1798.192;162215213;421619;15922675;9854065877.25
2016-11-10;639.30995;29027519.1583;10.9666666667;85793.200707;0.5978340645;1114413.27;1786321.73847;1896.15107914;162478778;444786;15924412.5;10207866900.8
2016-12-10;635.0139375;14634705.6096;9.5166666667;85918.69354;0.4118262049;1156671.17;1863429.15164;1625.26896552;162714442;400579;15926212.5;10152323420.2
2016-13-10;635.9650875;14355952.0574;10.0666666667;86035.43462;0.6413256382;1020493.41;1644958.14766;1794.5546875;162944145;400731;15927812.5;10152546965.6
2016-14-10;639.565642857;12472092.7624;10.2333333333;86152.217098;0.7428781557;1090902.33;1747768.03188;1762.67647059;163183869;423263;15929512.5;10216074251.6
2016-15-10;637.949857143;6525990.94134;10.2166666667;86263.211618;0.906655139;1135929.6;1824875.44505;1482.02816901;163394317;384627;15931287.5;10189651485
2016-16-10;641.425125;6985758.74822;8.2833333333;86361.868317;0.9184597891;1047566.76;1670660.61871;1522.12307692;163592193;383032;15932912.5;10264938207.2
2016-17-10;638.1833875;15611329.7691;11.2666666667;86478.077483;0.6417524177;1001040.495;1606404.44107;1897.856;163829425;435282;15934475;10182607559.2
2016-18-10;636.2965;14579936.5177;9.1166666667;86608.564018;0.5934466213;1239301.71;1991941.50693;1622.71612903;164080946;435277;15936412.5;10183048859.2
2016-19-10;629.253675;20346645.9028;10.25;86710.487448;0.669523295;998480.55;1619255.6766;1595.43650794;164281971;406991;15937975;10065628111.2
2016-20-10;630.22705;12216884.5043;13.4166666667;86841.463294;0.6069523217;1065517.32;1722065.56083;2017.76119403;164552351;415474;15939650;10085494744.5
2016-21-10;631.9242125;16705327.8899;6.7;86971.201385;0.8533601841;1302488;2107602.62668;1618.01829268;164817706;453739;15941700;10128718512
2016-22-10;655.4886625;22686988.3446;7.9;87089.488455;1.003805325;1237419.905;1878507.2821;1454.41610738;165034414;392804;15943562.5;10587003806.9
2016-23-10;653.0028625;11562593.8995;9.2833333333;87203.584968;1.1773504573;1186462.78;1815470.12499;1330.40277778;165225992;376683;15945362.5;10504485907.8
2016-24-10;651.396425;17690445.8704;9.1333333333;87330.335917;0.5903175769;1173414.585;1802862.69356;1587.27272727;165452972;433234;15947150;10445223778.5
2016-25-10;655.31995;23862151.3272;12.15;87461.541956;0.6172904744;1158039.295;1752432.96787;1705.25179856;165690002;432977;15948887.5;10491018708.6
2016-26-10;672.2214125;32748237.8961;19.8833333333;87597.007109;0.7100732742;1204154.595;1752432.96787;1625.35251799;165915926;431781;15950612.5;10751191343.4
2016-27-10;682.2239625;26863753.6491;12.45;87755.382468;0.5169022061;1402328.4;2042403.89061;2014.74074074;166242314;457806;15952637.5;10933937742.5
2016-28-10;687.6883375;22221917.8414;8.2;87879.492612;0.7033289838;1318835.9;1916329.57637;1650.5;166493190;434269;15954537.5;11016448598.4
2016-29-10;714.89545;29728643.8012;7.9666666667;87994.675528;0.8281810596;1338194.475;1878507.2821;1541.53691275;166722879;416457;15956400;11433877548
2016-30-10;698.0034;21222263.7923;8.75;88100.660523;0.8518653754;1487565.84;2130655.91057;1238.68047337;166932216;360327;15958500;11232230640
2016-31-10;702.0015125;23116856.381;12.9;88219.875211;0.65067063;1298202.255;1853292.41926;1644.74829932;167173994;458880;15960337.5;11251559127.4
2016-01-11;728.2068875;41882993.0835;11.775;88343.29065;0.653078269;1321902;1815470.12499;1712.84722222;167420644;446989;15962137.5;11722434158.6
2016-02-11;733.336125;24177015.5444;8.9833333333;88463.483957;0.7621426596;1230807.015;1676788.37933;2018.18045113;167689062;461830;15963800;11811455982
2016-03-11;686.170875;56296677.0219;11.7;88593.536978;0.6858178352;1348852.25;1966759.30207;1752.16666667;167962400;457533;15965737.5;11015560588.1
2016-04-11;703.6940875;29358873.2933;12.5;88704.445529;0.5473782459;1036526.64;1462462.04513;2138.30172414;168210443;453192;15967187.5;11304928421.9
2016-05-11;704.7909;14017411.0236;8.7666666667;88822.568568;1.1150211884;1325997.45;1885928.48644;1624.37583893;168452475;426001;15969025;11320441822.5
2016-06-11;712.00325;15385463.9264;11.05;88935.37737;0.8436378525;1379564;1949214.67726;1483.24675325;168680895;429823;15970937.5;11416026125
2016-07-11;703.819;13568019.0808;11.5333333333;89064.838315;0.7077891616;1294398.36;1847956.77195;1878.6369863;168955176;483846;15972762.5;11260957290.1
2016-08-11;708.974875;21720391.2365;12.15;89211.237259;0.7478667995;1507321.2;2139073.24972;1751.83431953;169251236;503015;15974875;11371555020
2016-09-11;720.9301;40308934.7444;9.3;89342.331653;0.4807589068;1334964.95;1860614.01011;1837.38095238;169521331;474975;15976712.5;11575767274.8
2016-10-11;713.690125;18345512.5547;11.475;89477.493888;0.8315282807;1501227;2126416.01156;1615.32142857;169792705;474281;15978812.5;11422773691.9
2016-11-11;715.4593;14008613.8917;6.9666666667;89600.528335;0.9887472969;1459015.605;2063129.82074;1562.0797546;170047324;444226;15980850;11437973770.5
2016-12-11;703.718;13568553.6888;6.4666666667;89719.876072;1.276111442;1478735.98;2126416.01156;1362.41666667;170276210;450559;15982950;11243845495.5
2016-13-11;701.901125;19900672.8562;8.3333333333;89830.447969;1.0440093595;1259145.885;1809985.05746;1547.74825175;170497538;411263;15984725;11247332051.8
2016-14-11;706.467875;20324888.3718;11.725;89966.367184;0.9350547613;1523261.75;2177044.96421;1572.70930233;170768044;486756;15986875;11300322593.8
2016-15-11;710.910125;22288622.3035;8.0833333333;90099.655391;0.7591511645;1389794.85;1974529.15359;1797.12820513;171048396;514795;15988825;11389639488.8
2016-16-11;736.914375;44865031.1507;10;90235.750668;0.6096143865;1590935.5;2177044.96421;1692.94186047;171339582;494246;15990962.5;11832832521.1
2016-17-11;736.9615;36131321.2177;9.7333333333;90378.596112;0.6122456474;1467356.7;2012500.86808;1745.03144654;171617042;484633;15992950;11777848098
2016-18-11;747.5217625;22349404.1599;8.9833333333;90516.590223;0.7289369992;1385428;2073243.13718;1864.35810811;171892967;488365;15994800;11978185824
2016-19-11;750.030875;15115192.2452;11.5;90637.698344;0.9167337181;1337807.52;1989192.73973;1758.87323944;172142727;476358;15996575;12049740050.2
2016-20-11;729.066625;26489236.6727;11.15;90754.191665;0.9577159111;1177092.75;1807083.54524;1911.13953488;172389264;438202;15998175;11678347786.5
2016-21-11;738.537625;18741837.4186;17.3;90883.418069;0.7056576047;1300552;1961175.94058;2052.95714286;172676678;490392;15999912.5;11823135341.9
2016-22-11;748.749375;25591017.7097;18.625;91011.908634;0.595423994;1264052.4;1877125.54312;2131.60447761;172962313;515387;16001587.5;11968547386.5
2016-23-11;741.6384;19866229.8841;20.3;91151.716889;0.6991721259;1371590;2059234.7376;1883.83673469;173239237;505599;16003425;11842534500
2016-24-11;737.450375;16755125.5777;19.275;91307.890935;0.6381810145;1540282.37;2297377.53039;2033.32926829;173572703;489272;16005450;11801298448.5
2016-25-11;739.786125;14432748.7067;12.9666666667;91451.193939;0.7738724548;1450482.78;2129276.73548;2074.91447368;173888090;523079;16007350;11852162087
2016-26-11;733.673;12319132.9648;13.75;91596.527757;0.8105603671;1424452.54;2157293.53463;1814.11688312;174167464;481755;16009262.5;11718620057.4
2016-27-11;727.9655;11359826.8066;12.65;91714.824386;1.0471297634;1303985.32;2017209.53888;1648.53472222;174404853;454515;16011062.5;11573276306.9
2016-28-11;733.052125;17786517.748;9.7666666667;91863.91865;0.7953948991;1511320.32;2297377.53039;1820.30487805;174703383;515310;16013112.5;11713912056
2016-29-11;732.712125;18774731.9527;9.65;92000.686153;0.6474246793;1388629.475;2115268.33591;1947.94701987;174997523;506247;16014975;11707747473.8
2016-30-11;742.6967625;21330877.4838;18.45;92130.225293;0.6791508128;1321104.2;1989192.73973;2060.94366197;175290177;500015;16016750;11847589975
2016-01-12;752.246125;26804422.4923;9.0333333333;92261.553649;0.7431770902;1391603.68;2045226.33803;1641.65753425;175529859;485327;16018575;12069035148
2016-02-12;772.43725;33314155.0444;29.25;92402.201199;0.6453383178;1419702.8;2052749.31684;2210.15972222;175848122;513735;16020362.5;12394634059
2016-03-12;764.339625;15079718.4057;8.4166666667;92553.709458;1.1123433545;1648884.64;2451895.01734;1674.34883721;176136110;492197;16022512.5;12242481351
2016-04-12;764.81625;11710058.4725;13.8;92680.545335;1.4778372443;1422187.52;2109770.1312;1659.7972973;176381760;457491;16024362.5;12265688032
2016-05-12;754.63975;26745481.4464;9.3166666667;92814.713959;0.726464114;1450084.72;2166790.94555;1828.95394737;176659761;548221;16026262.5;12116495500.5
2016-06-12;756.6215;20977699.2164;12.5333333333;92959.128123;0.6873245529;1435055.31;2138280.53838;2131.74666667;176979523;540804;16028137.5;12112303227.4
2016-07-12;766.1166375;23775580.354;9.0666666667;93113.975844;0.7785419787;1686375.18;2494660.6281;1779.20571429;177290884;539249;16030312.5;12284990287.5
2016-08-12;769.72975;18396293.9278;8.7666666667;93247.453741;0.7258007906;1516416;2238066.9635;1800.70700637;177573595;500354;16032275;12312787200
2016-09-12;770.028125;16139725.0744;12.2833333333;93373.047454;0.6415375255;1312529.715;1924452.48454;1991.22222222;177842410;465342;16033962.5;12354007766.6
2016-10-12;773.40125;11258173.0415;12.8;93491.647041;0.8986347415;1287818;1881686.87377;1895.76515152;178092651;454665;16035612.5;12395528462.5
2016-11-12;768.303125;10790493.5546;6.1;93620.550573;1.5057143877;1807112.16;2679978.27476;1238.53191489;178325495;439143;16037950;12322438123.5
2016-12-12;777.006875;19721035.4163;14.575;93746.288857;0.7394111214;1520295.45;2223811.75991;1722.19230769;178594157;498688;16039900;12460596315
2016-13-12;778.4935;20077997.9099;8.7;93891.341303;0.9041244083;1739710.08;2537426.23887;1639.08426966;178885914;498359;16042125;12503873910
2016-14-12;774.897;14993051.0509;9.6833333333;94016.667577;0.670287211;1354213.25;1981473.29889;2059.91366906;179172242;495472;16043862.5;12425971506.2
2016-15-12;776.75215;15357872.5323;14.9;94138.006728;0.5911532081;1249509.75;1958064.6378;2225.86614173;179454927;479430;16045450;12472128285
2016-16-12;781.568375;17973313.8851;17.025;94266.566762;0.5727715497;1317539.325;2050571.62856;2100.45864662;179734288;495266;16047112.5;12573714999.4
2016-17-12;788.7055;17068492.2553;15.1;94384.609484;0.8128107467;1439997.295;2235585.61008;1648.51034483;179973322;458680;16048912.5;12694529298.4
2016-18-12;788.40575;10243644.9346;9.8333333333;94506.069193;0.9348703209;1398471.24;2173914.28291;1672.26241135;180209111;418498;16050675;12685169466
2016-19-12;789.524125;15301931.7389;13.85;94645.199015;0.7146530229;1511601;2343510.43264;1874.02631579;180493963;508681;16052562.5;12697576937.5
2016-20-12;793.0901375;19671152.5655;10.7166666667;94779.111402;0.5924600595;1380945.28;2127660.78753;2148.35507246;180790436;508908;16054287.5;12756094676
2016-21-12;824.2189375;44854043.0263;8.7833333333;94932.381938;0.5409993547;1659583.38;2451435.25519;2048.28301887;181116113;540310;16056275;13266978907
2016-22-12;860.599875;54177733.5753;8.5833333333;95078.635893;0.5440282236;1717668.81;2451435.25519;1978.89308176;181430757;528878;16058262.5;13815565559.2
2016-23-12;901.3182375;71128607.5418;12.775;95213.610311;0.4641122491;1720367.4;2343510.43264;2006.55921053;181735754;522516;16060162.5;14503611550.5
2016-24-12;891.6126125;36632649.4525;16.325;95330.730173;0.8018702521;1540552.325;2112242.95573;1757.81021898;181976574;420206;16061875;14365259143.8
2016-25-12;886.900375;31411463.3442;10.3;95438.863856;0.9245064276;1867686.25;2574777.90954;1195.29341317;182176188;353857;16063937.5;14372404881.2
2016-26-12;897.335375;30528384.4926;13.55;95560.396442;0.6899563531;1610869.18;2189332.1147;1724.74647887;182421102;448557;16065712.5;14514728615.2
2016-27-12;930.376;36349743.3696;13.025;95697.152137;0.5936012704;1828791.58;2405181.75981;1900.93589744;182717648;509115;16067662.5;15007357451.6
2016-28-12;967.480375;58947752.6219;7.6666666667;95839.582889;0.6445910835;2011489.2;2589949.67053;1862.15853659;183023042;514772;16069712.5;15706536997.5
2016-29-12;963.381625;49469080.7609;14.55;95980.642562;0.6203733721;1831153.28;2368856.40597;2030.7;183327647;512156;16071587.5;15554725246
2016-30-12;952.156375;55218054.0176;8.5;96117.500691;0.6223217386;1880751.855;2479403.03825;1826.86624204;183614465;496024;16073550;15333684493.5
2016-31-12;959.879875;20372836.6699;12.275;96236.480193;0.8966203602;1785013.43;2337271.65389;1691.03378378;183864738;449831;16075400;15485593574
