;NumberOfPosts_bitcoin;numberPositive_bitcoin;numberNegative_bitcoin;AverageScore_bitcoin;averageNoComments_bitcoin;TotalPos_bitcoin;TotalNeg_bitcoin;AveragePolarity_bitcoin;AverageSubjectivity_bitcoin
2015-01-01;116;47;12;39.9310344828;21.4310344828;18.8855429293;-2.86111111111;0.138141653605;0.326077586207
2015-02-01;209;72;21;26.6555023923;15.8516746411;29.6841360029;-5.98700396825;0.113383406864;0.282180140434
2015-03-01;176;56;25;33.9204545455;19.8579545455;23.2475998076;-8.16041666667;0.0857226314826;0.313610400542
2015-04-01;216;55;29;31.3981481481;17.7592592593;20.1445851371;-9.3462962963;0.0499920779666;0.267198684375
2015-05-01;231;66;32;32.3593073593;22.6753246753;20.6522742304;-9.26557539683;0.0492930685436;0.289490605394
2015-06-01;225;75;27;28.9422222222;18.0222222222;26.4092027417;-5.87719095719;0.0912533857089;0.285142705237
2015-07-01;242;63;27;32.2520661157;16.2727272727;23.6682142857;-8.3005952381;0.063502558048;0.26525767315
2015-08-01;207;59;35;24.8115942029;16.8937198068;20.8653571429;-11.1541025641;0.0469142733273;0.28599688154
2015-09-01;261;73;26;27.4636015326;13.7892720307;22.9108013167;-7.08521825397;0.060634417865;0.241481163579
2015-10-01;181;63;17;28.8508287293;18.8729281768;21.3695454545;-3.85277777778;0.0967777219711;0.266621562906
2015-11-01;150;47;20;28.1266666667;22.5466666667;13.9747835498;-7.34444444444;0.0442022607023;0.307886183261
2015-12-01;170;43;18;35.1882352941;19.8235294118;14.9174661797;-5.52361111111;0.0552579709914;0.245034070505
2015-13-01;345;92;60;24.1652173913;18.2405797101;30.6865367965;-14.3371176971;0.047389620578;0.262382241216
2015-14-01;483;139;66;19.3933747412;12.7225672878;51.1182442881;-15.4273280423;0.0738942365337;0.285511683059
2015-15-01;366;117;61;21.5355191257;14.7213114754;38.1363310532;-17.3639847884;0.0567550444395;0.288305865355
2015-16-01;231;68;33;26.645021645;17.4978354978;23.4852453102;-10.5481092172;0.0560049181518;0.321243636114
2015-17-01;166;49;21;29.6024096386;20.1024096386;17.3417433261;-8.42405122655;0.0537210367444;0.307535151428
2015-18-01;131;32;17;38.2977099237;21.213740458;12.6022582973;-3.67537878788;0.0681441183922;0.268467995109
2015-19-01;188;46;14;33.0904255319;18.0585106383;21.506780303;-3.5543997669;0.0954913858305;0.21699984708
2015-20-01;236;78;23;33.6016949153;17.6779661017;29.3148250361;-5.4218975469;0.101241218174;0.268546899949
2015-21-01;241;58;38;23.8257261411;14.6887966805;19.6445684524;-10.268452381;0.0389050459395;0.280684647303
2015-22-01;244;59;21;31.512295082;15.2213114754;18.091024531;-4.77638888889;0.0545681788612;0.187789738722
2015-23-01;229;63;20;28.6506550218;13.6593886463;22.9202205087;-6.18518518519;0.0730787568711;0.237130425171
2015-24-01;153;50;10;44.0718954248;21.0065359477;14.1841504329;-1.67301587302;0.0817721213064;0.253400767714
2015-25-01;140;34;18;33.0357142857;23.6357142857;12.8775018038;-5.49490740741;0.0527328171167;0.2523646499
2015-26-01;313;99;29;27.1501597444;13.4440894569;29.9301136364;-6.3503030303;0.0753348581663;0.23601771365
2015-27-01;220;65;26;29.8090909091;19.3090909091;18.7578445166;-7.10924873737;0.0529481626328;0.27241039043
2015-28-01;239;72;33;24.4518828452;17.6694560669;22.8266925204;-12.1311383061;0.0447512728632;0.274236291757
2015-29-01;213;58;34;31.0281690141;19.6572769953;19.1586471861;-9.30386904762;0.0462665640306;0.245924300009
2015-30-01;188;55;18;34.4574468085;16.2074468085;16.7813722944;-5.04761904762;0.0624135810998;0.223463819425
2015-31-01;143;37;13;26.8601398601;20.4335664336;9.37422438672;-2.45416666667;0.0483920120284;0.203318524909
2015-01-02;162;47;19;27.2962962963;18.9135802469;17.2776334776;-4.1378968254;0.0811094855076;0.249503355869
2015-02-02;147;44;15;34.5510204082;21.8163265306;15.5142567155;-4.04861111111;0.0779975891455;0.272588859553
2015-03-02;202;58;26;31.1633663366;22.9257425743;19.1801136364;-5.23403540904;0.0690399912244;0.282364445923
2015-04-02;247;69;25;33.5587044534;19.6720647773;24.1104761905;-4.90505952381;0.0777547233468;0.225114848602
2015-05-02;187;52;22;31.8502673797;16.8556149733;14.6505002405;-6.78472222222;0.042062984055;0.231098751714
2015-06-02;164;45;21;37.9756097561;18.2256097561;13.7496302309;-6.59015151515;0.0436553580227;0.264101929574
2015-07-02;136;40;22;35.7352941176;18.625;14.7894480519;-4.92269972324;0.0725496200641;0.246094001995
2015-08-02;154;54;23;28.2467532468;22.6753246753;17.6496158009;-5.63517857143;0.0780158261652;0.289505959409
2015-09-02;171;49;27;34.5906432749;21.8070175439;16.482209596;-6.96805555556;0.0556383277217;0.274666232079
2015-10-02;168;48;21;30.7083333333;20.8392857143;17.9089015152;-6.69548460798;0.0667465292093;0.298218974037
2015-11-02;194;50;23;33.5515463918;16.2319587629;18.6771374459;-6.35064484127;0.0635386216733;0.262545279749
2015-12-02;215;72;16;26.7906976744;12.2604651163;22.2838059163;-4.27222222222;0.0837748078795;0.244640113762
2015-13-02;184;55;21;33.2065217391;16.375;15.7429004329;-6.24021464646;0.051645031448;0.277370433763
2015-14-02;123;33;14;36.0;18.2032520325;11.7623917749;-3.81098484848;0.0646455847675;0.250575734112
2015-15-02;142;46;14;32.7253521127;20.4014084507;15.2808071789;-3.81567460317;0.0807403702518;0.268015707884
2015-16-02;165;57;14;36.296969697;19.1757575758;17.3870806277;-4.14652777778;0.080245774848;0.272138156456
2015-17-02;191;49;24;25.9057591623;17.7958115183;17.2973484848;-5.86328125;0.0598642263605;0.241636257867
2015-18-02;197;58;14;28.4517766497;14.4720812183;21.7435610871;-3.16287878788;0.0943181842598;0.222376609948
2015-19-02;190;63;17;30.5842105263;14.0210526316;20.4072763348;-4.33717532468;0.0845794790005;0.282623148781
2015-20-02;190;56;28;40.1052631579;18.6263157895;21.3345211039;-7.79015151515;0.0712861557302;0.272939868611
2015-21-02;134;34;15;35.7686567164;22.776119403;10.4121212121;-3.46310425685;0.0518583354871;0.200068650255
2015-22-02;130;36;12;28.0307692308;21.8923076923;14.1974837662;-3.12420634921;0.0851790570541;0.230164030414
2015-23-02;158;45;21;44.0189873418;21.0569620253;14.4122294372;-6.95416666667;0.0472029289276;0.245625308236
2015-24-02;203;70;16;27.5763546798;19.0837438424;25.0119796176;-2.74166944167;0.109705961458;0.292133908784
2015-25-02;209;62;21;26.8947368421;12.6411483254;17.796272096;-5.88794191919;0.0569776563482;0.224366037339
2015-26-02;178;56;19;24.0168539326;10.9775280899;23.3377720659;-3.57752525253;0.111012622547;0.247847684983
2015-27-02;178;60;13;36.6404494382;16.7921348315;21.6271103896;-3.43977272727;0.102176054283;0.254332895569
2015-28-02;141;42;17;37.524822695;18.7234042553;14.0120580808;-5.93876262626;0.0572574145712;0.248412250673
2015-01-03;98;32;9;41.0102040816;23.7244897959;11.8880808081;-2.6125;0.0946487837559;0.244011010248
2015-02-03;189;58;17;38.6825396825;15.671957672;23.6196642767;-3.9595959596;0.104021525487;0.24849938348
2015-03-03;205;62;15;31.8682926829;15.8536585366;24.5256132756;-3.74689393939;0.101359606518;0.244055690245
2015-04-03;178;53;19;27.191011236;11.2415730337;14.2177353896;-4.78508297258;0.0529924293091;0.220098760478
2015-05-03;165;45;23;32.8363636364;16.7212121212;13.8247916667;-6.09090909091;0.0468720156107;0.255898301194
2015-06-03;161;52;20;34.2670807453;17.0372670807;18.7849116162;-4.61424242424;0.0880165788318;0.264535192206
2015-07-03;121;27;13;41.6776859504;32.2561983471;8.01348905724;-3.73888888889;0.0353272741186;0.268360131222
2015-08-03;121;41;17;32.958677686;21.3884297521;16.7459054834;-2.82916666667;0.115014370386;0.330980346559
2015-09-03;165;50;24;33.4060606061;18.496969697;16.7359848485;-6.44342532468;0.0623791486291;0.255504467474
2015-10-03;199;59;26;27.2311557789;16.5778894472;22.3219877345;-6.42013888889;0.0799087881688;0.257161402249
2015-11-03;208;55;28;34.2403846154;13.7740384615;18.7412310606;-7.68633477633;0.0531485398282;0.239969873876
2015-12-03;201;55;20;29.6368159204;11.9701492537;19.787630772;-3.87579365079;0.0791633687622;0.225340218101
2015-13-03;157;47;14;36.6624203822;20.6050955414;16.0020220058;-4.35972222222;0.0741547756914;0.254736169704
2015-14-03;113;32;10;25.4513274336;16.1946902655;12.611002886;-3.15;0.0837256892567;0.274875812486
2015-15-03;113;39;15;32.7256637168;17.610619469;12.334025974;-4.09074675325;0.0729493736352;0.246753566001
2015-16-03;156;53;14;28.6282051282;13.2692307692;22.4319805195;-3.96851851852;0.118355525647;0.272038677728
2015-17-03;178;58;21;39.4269662921;24.6179775281;20.301271645;-5.88192663818;0.0810075562182;0.272373175877
2015-18-03;168;48;24;27.494047619;18.9107142857;14.149527417;-5.29061177249;0.0527316407413;0.24090921617
2015-19-03;198;57;29;26.7929292929;13.3282828283;20.9825915751;-6.84654040404;0.0713941978336;0.259622710342
2015-20-03;141;42;15;31.0354609929;17.0709219858;16.1545887446;-5.52708333333;0.0753723788032;0.254250790581
2015-21-03;109;33;10;35.2568807339;24.2201834862;10.0259217172;-3.44880952381;0.0603404788382;0.269441565061
2015-22-03;116;27;12;26.6551724138;17.1637931034;7.25876984127;-3.56388888889;0.0318524220033;0.212006114097
2015-23-03;147;41;12;37.6054421769;20.2244897959;13.6842667749;-2.70562770563;0.0746846195188;0.231345557944
2015-24-03;172;56;12;26.273255814;21.1918604651;17.8357517483;-2.50246212121;0.0891470327153;0.233079481081
2015-25-03;184;52;15;23.4402173913;14.9076086957;18.2694421898;-4.42142857143;0.0752609435779;0.24566877039
2015-26-03;170;44;24;27.1705882353;13.5352941176;13.9080858031;-6.40189393939;0.0441540697864;0.268049799057
2015-27-03;171;42;17;29.8479532164;17.081871345;13.9840367965;-4.53585858586;0.055252504156;0.233209180358
2015-28-03;118;29;19;33.6949152542;16.2881355932;11.5743506494;-4.50202020202;0.0599350037909;0.262297154352
2015-29-03;88;21;10;40.25;21.2613636364;8.57709235209;-2.68668831169;0.06693640955;0.224970689033
2015-30-03;158;49;17;34.8734177215;15.1962025316;17.2400763588;-3.92916666667;0.0842462638744;0.250262603665
2015-31-03;177;45;37;46.1525423729;20.2824858757;16.652034632;-10.9297619048;0.0323292244479;0.302342910542
2015-01-04;181;62;27;33.2375690608;15.3812154696;20.2023412698;-6.40438311688;0.0762318129998;0.293254905009
2015-02-04;183;52;20;35.0382513661;16.912568306;16.8352554588;-5.03214285714;0.0644978830693;0.247365546241
2015-03-04;151;50;21;31.3642384106;17.3907284768;15.8659577922;-5.30685185185;0.0699278539096;0.261964735657
2015-04-04;116;31;12;27.9913793103;19.4137931034;11.5258387446;-4.32410714286;0.0620838931184;0.2448465567
2015-05-04;98;32;13;41.0510204082;19.2142857143;13.6839556277;-4.02657828283;0.0985446667845;0.347602850664
2015-06-04;125;42;17;33.68;19.888;15.4198526474;-4.04682539683;0.0909842180042;0.306252545233
2015-07-04;218;62;24;32.7614678899;18.6788990826;20.5431998557;-8.46079545455;0.0554238733998;0.255876093835
2015-08-04;160;43;18;34.5125;19.04375;16.8133658009;-5.17916666667;0.0727137445887;0.245129656802
2015-09-04;162;41;17;34.0740740741;15.0802469136;15.9192340067;-4.06527777778;0.0731725693145;0.252488583661
2015-10-04;144;41;18;39.4375;20.3888888889;14.8839430014;-5.74478114478;0.0634664017824;0.260248700631
2015-11-04;100;29;10;30.94;14.02;11.0714448052;-2.25044191919;0.08821002886;0.266967317405
2015-12-04;102;30;13;28.7254901961;20.3235294118;8.23396464646;-3.3130952381;0.0482438177291;0.218377578304
2015-13-04;150;35;12;26.2533333333;13.5266666667;15.4894372294;-2.89004329004;0.083995959596;0.263789393939
2015-14-04;154;56;16;25.6948051948;19.2142857143;18.0739808802;-5.17986111111;0.0837280504488;0.254113256873
2015-15-04;141;47;15;27.2907801418;16.7446808511;13.6067604618;-3.12338564214;0.0743501760257;0.278523482034
2015-16-04;129;39;16;32.7364341085;18.496124031;11.9814393939;-4.96984126984;0.0543534738302;0.247842349296
2015-17-04;144;48;14;32.3541666667;21.3541666667;16.5037127225;-2.56343193843;0.0968075054447;0.28328089092
2015-18-04;91;38;11;39.0769230769;21.0989010989;15.1465367965;-2.24292929293;0.141797884655;0.296562762634
2015-19-04;94;39;7;36.4361702128;22.3936170213;15.1132756133;-1.44861111111;0.1453687713;0.295192905499
2015-20-04;135;39;13;35.1259259259;19.0888888889;16.3548520924;-2.55277777778;0.102237587515;0.254294265405
2015-21-04;144;44;14;29.4097222222;19.3402777778;13.4569309163;-3.7213023088;0.0676085319966;0.219125781626
2015-22-04;169;45;17;32.1597633136;17.3727810651;15.0865319865;-5.46805555556;0.0569140617218;0.233077250385
2015-23-04;160;43;18;26.4375;16.225;15.6310470779;-3.99560786436;0.0727214950848;0.209727295274
2015-24-04;156;53;17;21.7307692308;12.6987179487;18.9969534632;-5.33073593074;0.0876039585415;0.252755681818
2015-25-04;107;29;13;35.8785046729;22.1775700935;8.25018939394;-4.01593434343;0.0395724771075;0.254511402409
2015-26-04;112;37;12;31.5089285714;22.0535714286;14.4376262626;-4.88080357143;0.0853287740286;0.260661461554
2015-27-04;128;36;17;33.640625;16.5390625;12.0561417749;-2.96408730159;0.0710316755727;0.229129816581
2015-28-04;164;43;21;29.5304878049;19.9024390244;15.8458207071;-3.26111111111;0.0767360341217;0.249014790257
2015-29-04;139;31;14;53.6115107914;23.2949640288;11.2634469697;-2.91041666667;0.0600937431873;0.174023443583
2015-30-04;168;55;15;29.0;13.8154761905;19.921871618;-3.61847222222;0.0970440440223;0.259526295051
2015-01-05;147;44;21;38.074829932;15.8027210884;15.3340205628;-6.72167207792;0.0585874046588;0.260517345466
2015-02-05;114;38;9;30.9385964912;20.1315789474;12.870211039;-2.38579545455;0.091968557758;0.243502696134
2015-03-05;107;26;7;26.9719626168;18.9252336449;8.40491341991;-2.12604166667;0.0586810444229;0.230135938828
2015-04-05;130;41;14;34.9384615385;23.6230769231;17.7664448052;-3.575;0.10916496004;0.294076923077
2015-05-05;137;47;16;34.9051094891;31.5328467153;14.9353751804;-3.83519119769;0.0810232407495;0.264237500132
2015-06-05;157;40;16;27.5732484076;18.3694267516;13.5486111111;-3.9751984127;0.0609771509453;0.222774262185
2015-07-05;153;54;14;35.8888888889;21.1699346405;20.5799873737;-3.26622474747;0.11316184723;0.26584071339
2015-08-05;176;51;23;27.7613636364;19.4431818182;18.9439312771;-6.85428571429;0.0686911679703;0.275796674128
2015-09-05;92;26;9;32.0543478261;17.9347826087;8.91303571429;-3.32916666667;0.0606942287785;0.25031430526
2015-10-05;104;32;15;30.6153846154;24.6826923077;12.4792388167;-3.75853174603;0.083852952603;0.30585863789
2015-11-05;138;44;10;42.7536231884;19.6739130435;15.2320995671;-2.83715277778;0.0898184549951;0.205871671605
2015-12-05;155;53;14;29.1870967742;18.4193548387;16.7147077922;-4.19642857143;0.080763091747;0.292031908951
2015-13-05;159;56;15;32.0691823899;18.9748427673;19.2167207792;-4.15365079365;0.0947362892174;0.261595153623
2015-14-05;133;36;15;29.954887218;16.5939849624;11.2141233766;-4.6338023088;0.0494760982543;0.235440129002
2015-15-05;134;38;20;39.8656716418;17.7462686567;11.7331168831;-6.28941197691;0.0406246634791;0.265738972884
2015-16-05;69;27;7;51.7246376812;25.2463768116;7.55075036075;-0.91875;0.0961159472573;0.304338519773
2015-17-05;108;30;12;28.4814814815;16.6296296296;9.44753066378;-3.85178571429;0.0518124532361;0.258898475496
2015-18-05;144;40;15;39.3194444444;21.4861111111;15.4882683983;-3.10404040404;0.0860015832932;0.229032186949
2015-19-05;206;55;23;27.9029126214;16.6796116505;17.4128066378;-8.07222222222;0.0453426427941;0.26068749212
2015-20-05;205;66;19;35.4536585366;17.6390243902;23.7626503127;-5.15151064214;0.0907860471732;0.273886923826
2015-21-05;177;49;9;29.3898305085;14.9661016949;18.3298520924;-4.15138888889;0.080104311884;0.259907488933
2015-22-05;197;62;17;30.7512690355;15.6751269036;25.8439524711;-4.34305555556;0.109141608709;0.274512117183
2015-23-05;125;41;15;38.056;22.512;12.3885696248;-3.33923160173;0.0723947041847;0.253104357864
2015-24-05;93;26;12;57.8924731183;26.8494623656;8.26125541126;-3.36865079365;0.0526086518022;0.283807649937
2015-25-05;111;27;12;33.2972972973;22.4594594595;9.48522727273;-3.46461489899;0.0542397511148;0.224328874329
2015-26-05;137;38;15;39.9051094891;23.0510948905;13.4345102814;-3.82451073232;0.0701459821099;0.267523119622
2015-27-05;185;43;20;30.0378378378;17.8432432432;14.6828373016;-4.70171266234;0.053952025077;0.241040930541
2015-28-05;147;48;16;37.9319727891;16.7142857143;15.9069404207;-3.98402777778;0.0811082492715;0.274892430887
2015-29-05;143;53;16;53.5244755245;31.9230769231;18.3628679654;-2.9271031746;0.107942411124;0.298951948725
2015-30-05;139;33;27;30.1007194245;21.6834532374;11.7035920429;-7.10879884005;0.0330560662074;0.251349802133
2015-31-05;126;47;15;28.3253968254;21.5317460317;16.0280465368;-3.28775252525;0.101113444536;0.299103778717
2015-01-06;210;57;20;26.3857142857;16.4714285714;17.4178841991;-5.43050865801;0.057082740672;0.239152769188
2015-02-06;170;50;27;23.2764705882;15.3882352941;15.5287247475;-5.78506493506;0.0573156459554;0.256736482472
2015-03-06;148;45;16;35.3445945946;19.3243243243;14.8721212121;-5.86654040404;0.0608485189735;0.296827298077
2015-04-06;144;42;12;21.8125;14.7222222222;14.0969859307;-2.87777777778;0.0779111677289;0.228764952897
2015-05-06;124;36;17;34.2822580645;18.3467741935;10.4608838384;-5.18188131313;0.0425726010101;0.320563526975
2015-06-06;94;32;11;28.9255319149;24.170212766;11.2081709957;-2.88706709957;0.0885223818734;0.276241077185
2015-07-06;112;37;13;35.3482142857;24.3660714286;13.9205663781;-3.72083333333;0.0910690450423;0.324912614667
2015-08-06;119;37;13;33.6974789916;23.0924369748;13.8951839827;-4.1125;0.0822074284259;0.273606412262
2015-09-06;137;49;13;37.204379562;24.9781021898;13.2122402597;-2.49923340548;0.078197130323;0.265421274792
2015-10-06;142;49;13;31.8591549296;19.0774647887;14.563030303;-2.58715127465;0.0843371762562;0.237655958739
2015-11-06;163;36;25;37.1349693252;17.8773006135;11.8122294372;-6.08234126984;0.0351526881435;0.253266450659
2015-12-06;145;40;19;25.8068965517;17.9724137931;13.847325938;-5.24526515152;0.0593245571478;0.277014666368
2015-13-06;101;27;12;23.0792079208;14.198019802;9.47082251082;-3.05435606061;0.0635293707942;0.207442781366
2015-14-06;75;28;8;33.4133333333;22.1466666667;8.74031746032;-2.425;0.0842042328042;0.252423953824
2015-15-06;143;40;22;39.9370629371;19.8461538462;12.7863275613;-6.47916666667;0.0441060202424;0.265684063411
2015-16-06;165;43;24;29.6787878788;19.6909090909;14.2175036075;-7.2875;0.0420000218637;0.271238488784
2015-17-06;168;51;20;33.1904761905;16.8452380952;16.7420256133;-5.08541666667;0.0693845770631;0.257444298426
2015-18-06;149;46;16;33.9395973154;17.7718120805;15.7191269841;-3.51666666667;0.0818957068286;0.256782445742
2015-19-06;130;34;17;38.3307692308;23.5769230769;11.760741342;-3.61982323232;0.0626224469974;0.245621658434
2015-20-06;121;39;11;38.5950413223;25.7272727273;12.3529897186;-3.70917508418;0.0714364845821;0.259677451413
2015-21-06;100;33;14;39.59;20.0;11.7871753247;-4.67348484848;0.0711369047619;0.292636904762
2015-22-06;137;44;11;32.5328467153;19.7737226277;13.4020833333;-3.01736111111;0.075800892133;0.251213570493
2015-23-06;143;35;16;28.027972028;17.5454545455;12.0563437951;-4.45337301587;0.0531676278267;0.213659547523
2015-24-06;157;41;15;28.8662420382;18.2101910828;11.1080330087;-3.67571699134;0.047339592467;0.193574467376
2015-25-06;151;43;18;45.4370860927;17.357615894;16.6609343434;-4.46414141414;0.0807734631079;0.252202285389
2015-26-06;129;39;15;31.4573643411;17.4418604651;15.1224350649;-3.6297979798;0.0890902099623;0.293047193977
2015-27-06;101;37;16;32.6336633663;18.3564356436;12.3526955782;-2.89732142857;0.0936175658382;0.297649356772
2015-28-06;97;27;14;38.7010309278;22.8453608247;7.12329545455;-4.33214285714;0.0287747690454;0.228890859999
2015-29-06;180;62;24;44.3444444444;16.4888888889;20.9139935065;-6.04722101972;0.0825931804821;0.307446542141
2015-30-06;207;70;18;37.4444444444;19.9371980676;26.6760921717;-5.50498556999;0.102275877303;0.302652116402
2015-01-07;172;48;27;39.8895348837;19.738372093;15.8361201299;-8.10265873016;0.044961984882;0.245453287023
2015-02-07;180;54;22;43.3333333333;16.0222222222;17.3931373256;-5.49785714286;0.0660848899043;0.231676363503
2015-03-07;152;45;24;51.5394736842;17.875;15.0836544012;-7.38888888889;0.0506234573175;0.269712693191
2015-04-07;132;37;16;37.9621212121;21.4090909091;12.2833495671;-2.92444444444;0.0709007963838;0.243489166557
2015-05-07;112;42;14;57.9464285714;23.2857142857;13.1269660895;-4.28472222222;0.0789486059575;0.280472937281
2015-06-07;192;59;22;32.3020833333;17.59375;20.4959145022;-4.87279040404;0.0813704380111;0.2629785579
2015-07-07;197;52;32;23.4822335025;17.5177664975;15.743510101;-10.8426767677;0.0248773265651;0.278222791732
2015-08-07;236;67;31;26.2711864407;16.0466101695;21.4801082251;-7.74965277778;0.0581798959633;0.256383202485
2015-09-07;208;61;21;31.1105769231;12.8798076923;20.9595171958;-3.59791666667;0.083469233313;0.233844754782
2015-10-07;206;75;29;29.9077669903;13.9077669903;24.3641852453;-7.45851190476;0.0820663754396;0.33585201247
2015-11-07;120;34;18;37.75;17.5583333333;11.1757521645;-6.4246031746;0.0395929082492;0.297944669913
2015-12-07;149;51;14;44.9731543624;21.5906040268;17.2398124098;-4.51607142857;0.0853942347734;0.297789592957
2015-13-07;157;42;19;37.0955414013;19.2547770701;12.7444751776;-4.53212088837;0.0523079891034;0.235192738672
2015-14-07;179;51;21;32.4357541899;15.3854748603;13.021765873;-4.59404761905;0.0470822248825;0.258144372697
2015-15-07;160;48;26;44.5375;20.5375;16.1866341991;-5.69583333333;0.0655675054113;0.293256842983
2015-16-07;168;54;16;30.0476190476;19.1964285714;21.5296825397;-3.62954545455;0.106548435031;0.287789652477
2015-17-07;165;47;11;27.2;17.1454545455;18.1652074315;-3.25;0.0903951965543;0.222179354876
2015-18-07;99;39;11;34.0505050505;17.5050505051;12.2741883117;-3.03303571429;0.0933449757313;0.312313339018
2015-19-07;84;26;11;37.5;23.9285714286;9.33307178932;-1.87103174603;0.0888338100392;0.264263167388
2015-20-07;160;33;17;28.7375;18.0125;12.4666883117;-4.86388888889;0.0475174963925;0.21971061057
2015-21-07;161;44;20;31.0931677019;21.0372670807;15.1058441558;-4.4645959596;0.0660947092935;0.259436546028
2015-22-07;157;53;22;35.8853503185;23.0382165605;17.6023611111;-6.9960479798;0.0675561345944;0.320746132848
2015-23-07;132;47;14;26.5227272727;17.7045454545;15.0304473304;-2.74305555556;0.0930863013249;0.292336651143
2015-24-07;159;43;11;29.3773584906;21.2830188679;16.6217532468;-1.9475;0.092290900923;0.230511199143
2015-25-07;102;29;14;35.3725490196;21.4411764706;7.20972943723;-4.39015151515;0.0276429208047;0.234020987183
2015-26-07;72;26;3;49.8611111111;25.4583333333;7.76509379509;-0.925;0.0950013027096;0.211247795414
2015-27-07;133;42;9;34.2932330827;19.030075188;14.026213474;-2.36354166667;0.0876892617095;0.278079479001
2015-28-07;173;60;17;27.4797687861;15.3410404624;19.6656060606;-3.67765151515;0.0924159222281;0.260789626238
2015-29-07;153;41;25;27.6274509804;13.2222222222;14.9166341991;-7.20918803419;0.0503754651304;0.276089687364
2015-30-07;153;45;16;43.9803921569;19.0784313725;15.987507215;-4.50694444444;0.0750363579775;0.222604853389
2015-31-07;125;36;13;41.696;19.312;9.99471500722;-2.58299512987;0.0592937590188;0.23961017316
2015-01-08;95;19;12;24.1157894737;15.3473684211;6.86010281385;-2.72013888889;0.0435785676312;0.20676530341
2015-02-08;91;34;9;35.0659340659;29.8021978022;10.7778282828;-2.29402958153;0.0932285571571;0.318239974311
2015-03-08;140;44;11;38.5785714286;16.7357142857;12.6707296176;-3.14118589744;0.0680681694298;0.210033084971
2015-04-08;144;41;19;25.625;19.0347222222;15.6810606061;-4.44146825397;0.0780527246673;0.259932397849
2015-05-08;184;60;20;29.375;16.1032608696;21.673597583;-4.67685185185;0.0923736181039;0.243771043771
2015-06-08;158;52;18;20.1392405063;14.9050632911;17.6576558442;-5.24861111111;0.0785382578041;0.272669191392
2015-07-08;144;46;15;26.8194444444;11.2569444444;14.6599386724;-4.68181818182;0.0692925034071;0.259156670875
2015-08-08;110;32;20;44.3;16.9636363636;8.95761904762;-5.89166666667;0.0278722943723;0.318266688699
2015-09-08;107;36;17;27.5607476636;25.5607476636;13.4493777056;-5.90801767677;0.0704800002697;0.319434582811
2015-10-08;148;51;17;23.9864864865;15.6824324324;15.6421590909;-4.05617784993;0.0782836570337;0.257117043992
2015-11-08;169;50;13;27.9822485207;17.2662721893;18.54375;-3.05;0.0916789940828;0.258492148877
2015-12-08;175;55;23;27.0228571429;13.8914285714;15.7591013236;-4.93080808081;0.0618759613874;0.253232993197
2015-13-08;127;39;13;21.1732283465;14.968503937;14.0536796537;-5.0470959596;0.0709179818432;0.284806515663
2015-14-08;163;49;24;21.8527607362;15.9202453988;14.0481006494;-6.47609307359;0.0464540342071;0.263805108491
2015-15-08;137;44;8;12.7883211679;9.22627737226;18.0718592519;-1.83888888889;0.118488834766;0.246841570838
2015-16-08;173;53;18;15.1907514451;14.2427745665;16.4829816017;-6.1071969697;0.0599756337112;0.252234514843
2015-17-08;105;24;15;26.980952381;29.8666666667;8.50664502165;-3.06218434343;0.0518520064591;0.212045299938
2015-18-08;141;35;21;29.0354609929;19.0141843972;11.5547348485;-4.42634920635;0.05055592654;0.256980493895
2015-19-08;149;44;15;23.7046979866;17.7046979866;17.139959115;-4.10654761905;0.0874725603752;0.226474738597
2015-20-08;115;36;12;39.3826086957;23.2;12.4039393939;-1.91988636364;0.0911656785244;0.2415256917
2015-21-08;105;25;16;46.0571428571;16.4380952381;8.17550505051;-3.44380862193;0.0450637755102;0.235100151172
2015-22-08;66;14;9;31.1212121212;17.7727272727;4.93568610209;-2.22115384615;0.0411292766051;0.20836053677
2015-23-08;44;12;7;31.75;43.4318181818;3.62651515152;-1.28166666667;0.0532920110193;0.254428456644
2015-24-08;96;23;10;30.7291666667;21.0416666667;6.03825757576;-2.81018518519;0.0336257540685;0.211410859588
2015-25-08;144;39;12;27.1805555556;20.375;14.4981547619;-2.62063492063;0.0824827766755;0.257964791767
2015-26-08;117;33;10;34.6068376068;18.9658119658;11.4062705628;-2.388997114;0.0770707132374;0.262058774559
2015-27-08;118;32;15;17.7711864407;11.8813559322;11.8832431457;-3.58293650794;0.0703415816763;0.254303141538
2015-28-08;92;35;13;29.7282608696;19.9456521739;11.540479798;-3.09583333333;0.0917896354853;0.289792372483
2015-29-08;65;14;9;31.3846153846;31.1384615385;6.41143939394;-2.23333333333;0.0642785547786;0.189727355977
2015-30-08;64;21;9;43.03125;24.09375;6.91216450216;-3.18611111111;0.0582195842352;0.285200780123
2015-31-08;88;26;8;27.2954545455;16.25;6.98787878788;-1.55833333333;0.0616993801653;0.22524535124
2015-01-09;123;27;18;40.4308943089;22.0081300813;11.6114285714;-4.56527777778;0.0572857788102;0.230721471392
2015-02-09;147;42;15;22.3537414966;14.2040816327;14.926540404;-4.15949074074;0.0732452358048;0.222238353735
2015-03-09;124;42;9;31.1290322581;19.6048387097;13.5267857143;-1.61704545455;0.0960462924173;0.252732829447
2015-04-09;89;26;13;26.0449438202;24.2247191011;8.18497835498;-2.52940416065;0.0635457774643;0.235855532316
2015-05-09;58;23;6;39.6379310345;22.9655172414;7.13416666667;-2.06666666667;0.0873706896552;0.297311725631
2015-06-09;67;20;8;39.2537313433;20.8955223881;6.86661796537;-2.575;0.0640539994831;0.270458906765
2015-07-09;107;34;5;22.4672897196;17.5607476636;11.5918235931;-0.925;0.0996899401222;0.203200445712
2015-08-09;107;20;13;25.1121495327;15.308411215;6.20176767677;-3.07515151515;0.0292207117908;0.247805997222
2015-09-09;144;36;5;22.1944444444;12.8263888889;9.88538059163;-1.91515151515;0.0553488130311;0.192342697811
2015-10-09;124;41;12;29.0241935484;15.5161290323;11.6205092593;-2.95069444444;0.0699178614098;0.242891278375
2015-11-09;101;20;10;22.3267326733;16.4059405941;9.04011958874;-3.35949675325;0.0562437904505;0.254147716557
2015-12-09;76;21;6;20.9473684211;16.5;8.45027056277;-1.44166666667;0.0922184723172;0.231124449381
2015-13-09;69;20;7;30.4637681159;16.3043478261;6.00500541126;-1.15;0.0703623972646;0.251361048372
2015-14-09;101;28;11;24.8910891089;15.8811881188;10.2294642857;-2.59638888889;0.075575003929;0.213348352692
2015-15-09;112;32;11;24.1964285714;16.0;9.56221139971;-2.91354166667;0.0593631226165;0.239134770859
2015-16-09;123;33;13;21.2276422764;12.9674796748;10.123953824;-2.61599206349;0.0610403395159;0.215622807635
2015-17-09;106;27;7;32.358490566;14.7075471698;7.93454184704;-2.57200577201;0.050589962972;0.234383684973
2015-18-09;120;29;18;22.225;9.48333333333;10.6206529582;-4.63333333333;0.0498943302068;0.267754689755
2015-19-09;74;18;6;21.6486486486;15.1891891892;6.35159090909;-0.722095959596;0.0760742560743;0.173356879607
2015-20-09;85;22;15;23.3411764706;16.1176470588;7.69204545455;-4.61183712121;0.036237745098;0.25408496732
2015-21-09;134;47;10;23.9552238806;19.1791044776;17.5123517316;-2.43125;0.11254553531;0.269472378368
2015-22-09;141;46;14;25.5744680851;16.5460992908;15.1893127706;-4.35916666667;0.0768095468361;0.314024055141
2015-23-09;136;49;13;19.625;12.4558823529;16.5050595238;-4.00404761905;0.0919192051821;0.281676295518
2015-24-09;126;31;15;20.7222222222;13.3095238095;10.7526911977;-5.0;0.0456562793468;0.245356742023
2015-25-09;77;17;10;28.6623376623;22.4025974026;7.00457251082;-3.30833333333;0.0480031062012;0.239411508405
2015-26-09;77;17;12;32.2987012987;23.1558441558;6.95287698413;-3.58784722222;0.0437016852195;0.240324804164
2015-27-09;60;16;7;40.2;23.0166666667;4.79783549784;-1.84166666667;0.0492694805195;0.248278920154
2015-28-09;117;46;10;28.9829059829;13.6752136752;18.0617627165;-2.00958694084;0.137198083552;0.281464368964
2015-29-09;97;29;14;27.9175257732;17.3917525773;10.1653896104;-4.34583333333;0.0599954255367;0.291756965829
2015-30-09;110;21;16;20.3363636364;13.7909090909;6.5865530303;-4.30972222222;0.0206984618916;0.209320477502
2015-01-10;129;31;13;24.6201550388;14.4573643411;9.22304292929;-4.25892857143;0.0384815066501;0.263462000962
2015-02-10;107;42;12;21.7009345794;10.1308411215;14.8586315536;-3.1625;0.109309640688;0.279824086436
2015-03-10;66;14;10;31.4545454545;14.5303030303;4.29484848485;-2.39166666667;0.0288360881543;0.264674778084
2015-04-10;74;16;11;21.6756756757;13.2297297297;6.53755411255;-2.5625;0.0537169474669;0.22861969112
2015-05-10;113;26;10;23.8849557522;14.4247787611;7.95548160173;-2.20888888889;0.0508548027685;0.203891251325
2015-06-10;138;44;7;28.3985507246;13.4202898551;18.7969606782;-2.30416666667;0.119513000084;0.259640791978
2015-07-10;164;48;17;19.3597560976;11.1524390244;15.2862175325;-4.20557885402;0.0675648699906;0.243999376019
2015-08-10;168;60;13;20.375;12.2857142857;21.6878306878;-2.85050505051;0.112126938317;0.292213575666
2015-09-10;101;23;10;22.0396039604;11.4059405941;9.56488095238;-3.0125;0.0648750589345;0.230585379967
2015-10-10;96;23;9;23.90625;18.3125;9.17524350649;-2.4375;0.0701848281926;0.20824607973
2015-11-10;56;12;3;20.5892857143;17.1428571429;5.15459686147;-0.480555555556;0.0834650233199;0.167840586992
2015-12-10;122;33;13;22.2868852459;12.8606557377;10.5082251082;-4.00740740741;0.0532853909903;0.26345922141
2015-13-10;122;41;14;26.1475409836;22.8852459016;14.4550505051;-3.575;0.0891807418447;0.2725507871
2015-14-10;114;41;15;18.1228070175;13.798245614;13.466955267;-3.50833333333;0.0873563327511;0.258884743424
2015-15-10;129;44;10;24.4651162791;14.8759689922;17.2618497475;-2.92361111111;0.111149136716;0.278089421345
2015-16-10;143;44;20;22.5664335664;10.7762237762;15.6536688312;-5.59327651515;0.0703523938183;0.264906381497
2015-17-10;110;29;16;22.9454545455;15.3727272727;9.81651244589;-3.94944444444;0.0533369818313;0.272748589794
2015-18-10;86;23;12;23.0930232558;16.011627907;6.19532828283;-3.68918650794;0.029141183429;0.252905089097
2015-19-10;115;29;15;27.052173913;14.252173913;9.27621753247;-4.02904040404;0.0456276272037;0.242199636113
2015-20-10;120;32;13;27.7666666667;14.3833333333;9.81994949495;-3.91944444444;0.0491708754209;0.237478505291
2015-21-10;136;43;9;27.6838235294;10.2647058824;13.5123088023;-3.2;0.075825800017;0.268367843349
2015-22-10;170;45;13;27.8882352941;11.2529411765;13.5265909091;-2.49002525253;0.0649209744504;0.195202105084
2015-23-10;123;41;13;22.406504065;12.9918699187;14.5284487734;-3.39308080808;0.0905314468729;0.280481587067
2015-24-10;85;25;7;35.3529411765;16.8705882353;6.85879329004;-3.13076923077;0.0438591065797;0.182112446377
2015-25-10;84;24;9;29.5714285714;21.8214285714;8.8696969697;-3.3875;0.0652642496392;0.234053545661
2015-26-10;144;37;17;20.9166666667;12.2638888889;14.0987012987;-3.76180555556;0.0717839982163;0.211710733325
2015-27-10;153;30;15;21.3790849673;12.4640522876;10.062713444;-3.41242784993;0.0434659189153;0.201469995751
2015-28-10;168;44;22;22.6547619048;12.744047619;12.499215368;-4.49823232323;0.0476248990758;0.241771187642
2015-29-10;158;50;16;33.1455696203;12.9050632911;17.6414141414;-5.60277777778;0.0761939010357;0.285168646988
2015-30-10;173;58;17;19.5202312139;11.1387283237;18.1815142496;-5.32777777778;0.0742990547506;0.295697551485
2015-31-10;98;31;8;19.2448979592;9.10204081633;13.2205602904;-2.54305555556;0.108954129947;0.257066623852
2015-01-11;86;17;16;25.8023255814;15.7790697674;7.89666666667;-4.02678571429;0.0449986157254;0.260003229974
2015-02-11;181;54;19;27.9392265193;13.0828729282;19.7678484848;-5.67916666667;0.0778380210949;0.30684477769
2015-03-11;334;96;36;34.1556886228;12.9520958084;32.5395896465;-10.3713961039;0.0663718369538;0.249980185732
2015-04-11;438;133;58;20.6301369863;9.11187214612;44.8849582882;-13.5990610778;0.0714289890649;0.270074723602
2015-05-11;254;67;29;27.9330708661;14.0787401575;23.0144209957;-10.9124047619;0.0476457332038;0.241279024781
2015-06-11;196;60;25;21.5969387755;10.7959183673;24.2389718615;-6.16495310245;0.0922143814236;0.259084675717
2015-07-11;111;26;13;42.7387387387;20.0900900901;8.37800324675;-3.5;0.043945975196;0.247984217984
2015-08-11;119;44;10;32.4369747899;15.3949579832;13.2239237614;-3.07007575758;0.0853264538138;0.298375057094
2015-09-11;154;39;12;18.8831168831;11.2597402597;13.1990936147;-2.48333333333;0.06958285897;0.199776482987
2015-10-11;136;27;14;18.1617647059;12.1838235294;10.138771645;-2.54722222222;0.0558202163441;0.173354209108
2015-11-11;168;36;19;20.8154761905;11.9226190476;9.57884559885;-6.92025613276;0.0158249372982;0.203199469182
2015-12-11;144;34;24;19.1666666667;10.9305555556;10.4288041126;-4.66626984127;0.0400175991061;0.24226283169
2015-13-11;135;35;10;22.3481481481;11.962962963;10.6950937951;-2.69365079365;0.0592699481588;0.206312329646
2015-14-11;101;24;12;27.0297029703;14.198019802;5.28448773449;-3.24444444444;0.0201984484163;0.233099024188
2015-15-11;83;27;15;24.8554216867;19.7831325301;8.56748286436;-4.7666991342;0.0457925750622;0.321128561867
2015-16-11;106;26;12;28.6509433962;15.179245283;9.47873376623;-2.54126984127;0.065447772877;0.203003178687
2015-17-11;121;26;19;21.0330578512;10.7933884298;10.3378336941;-4.46041666667;0.0485736944415;0.214286161497
2015-18-11;136;42;17;18.3676470588;11.4485294118;11.7381493506;-4.99638888889;0.0495717681012;0.228990973283
2015-19-11;147;44;21;30.5034013605;10.1156462585;13.2473484848;-4.70625;0.0581027107813;0.234410553543
2015-20-11;121;27;18;26.4049586777;13.1983471074;8.44832792208;-4.1001984127;0.035934954623;0.240822361752
2015-21-11;72;19;7;22.0416666667;15.3194444444;4.64137445887;-1.43697916667;0.0445054901696;0.211821639009
2015-22-11;93;27;12;42.4408602151;13.752688172;9.03439393939;-2.71688311688;0.067930223898;0.208613787646
2015-23-11;108;33;9;29.0555555556;12.3148148148;11.213255772;-1.35;0.0913264423334;0.234279118515
2015-24-11;123;39;17;25.2764227642;10.837398374;12.2368668831;-4.90473484848;0.0596108295499;0.290295463344
2015-25-11;111;25;20;25.6036036036;13.1981981982;9.92775974026;-3.86071428571;0.0546580671581;0.219629369629
2015-26-11;118;28;15;20.0762711864;11.0847457627;9.57777777778;-3.25439814815;0.053587962963;0.206549748901
2015-27-11;114;30;26;18.9035087719;10.9473684211;10.7899332612;-5.40416666667;0.0472435666186;0.259569631149
2015-28-11;89;24;17;26.1573033708;16.9438202247;8.63091630592;-4.13333333333;0.0505346401414;0.295830293302
2015-29-11;93;22;17;22.4838709677;15.1827956989;7.23565656566;-4.35029761905;0.0310253650173;0.219141627488
2015-30-11;138;32;15;21.1304347826;16.3550724638;10.1498556999;-4.40473484848;0.0416313105172;0.237324683167
2015-01-12;134;46;15;23.8432835821;17.2388059701;15.1056060606;-3.42086038961;0.0871995945597;0.27850331675
2015-02-12;105;38;7;30.3047619048;14.2380952381;9.51484307359;-1.81515151515;0.0733303957947;0.227149144506
2015-03-12;105;29;17;20.1238095238;16.0666666667;13.0942640693;-3.40465367965;0.0922820037106;0.264183931148
2015-04-12;106;31;16;25.3867924528;14.2452830189;11.4045621392;-5.29875;0.0576020013137;0.331067395655
2015-05-12;93;28;9;22.9032258065;12.5161290323;7.94204545455;-1.79194444444;0.0661301183882;0.252035756955
2015-06-12;105;36;15;28.9142857143;15.2;11.2693201899;-2.6345959596;0.0822354688601;0.238773964131
2015-07-12;115;29;17;20.8;12.9826086957;6.98371212121;-4.30115740741;0.0233265627287;0.237025168873
2015-08-12;142;41;19;30.4225352113;17.0281690141;15.674257885;-3.01525974026;0.0891478742585;0.209740622668
2015-09-12;277;62;42;28.2490974729;11.8664259928;22.7362175325;-10.4207070707;0.0444603265768;0.239873047129
2015-10-12;173;45;27;29.225433526;13.6011560694;15.8334108947;-7.34218253968;0.0490822448265;0.300912135392
2015-11-12;172;52;21;28.1279069767;14.261627907;18.3780339105;-5.7748015873;0.0732746065304;0.3042785622
2015-12-12;133;35;15;19.6315789474;12.7067669173;11.8224120671;-4.0125;0.0587211433617;0.226798345765
2015-13-12;92;31;10;28.7717391304;14.4347826087;10.8494805195;-2.41490349928;0.0916801850022;0.280435057093
2015-14-12;158;40;17;24.0379746835;13.1329113924;15.2848484848;-3.46515151515;0.074808208669;0.222857738839
2015-15-12;159;37;21;21.2704402516;11.8238993711;12.8720562771;-5.57048611111;0.0459218249431;0.259869154256
2015-16-12;165;45;25;26.4121212121;14.5878787879;17.3200108225;-6.15615620491;0.0676597249552;0.269684168525
2015-17-12;141;42;15;19.1914893617;17.1914893617;16.8849116162;-3.39628787879;0.0956639981374;0.255825006357
2015-18-12;148;37;17;26.4864864865;13.1486486486;14.7520021645;-4.6683531746;0.0681327634453;0.221110355485
2015-19-12;109;33;14;21.9449541284;16.3577981651;10.827958153;-4.72765151515;0.0559661159432;0.310972106385
2015-20-12;101;32;9;29.099009901;16.8118811881;16.1041594517;-1.71736111111;0.142443547926;0.301418626753
2015-21-12;134;39;27;25.6791044776;16.1641791045;13.5176028139;-6.07490079365;0.0555425523896;0.271385671749
2015-22-12;146;39;20;21.0068493151;15.0890410959;10.9020652958;-7.82777777778;0.0210567638222;0.258097980786
2015-23-12;133;34;11;99.2706766917;17.1729323308;13.7380911797;-2.83968253968;0.081942922105;0.218175838364
2015-24-12;108;25;9;19.3888888889;18.3148148148;9.09199134199;-1.56944444444;0.0696532120143;0.224556243653
2015-25-12;84;23;12;19.5714285714;24.0238095238;6.47761544012;-4.13524305556;0.0278853855305;0.237169956366
2015-26-12;85;26;10;22.5294117647;15.7411764706;9.57326839827;-3.58680555556;0.0704289746202;0.219049953315
2015-27-12;89;27;14;27.8651685393;26.9438202247;9.14287157287;-4.6625;0.0503412536278;0.261226064822
2015-28-12;118;38;14;23.3813559322;21.8559322034;12.2121843434;-4.23591269841;0.0675955224154;0.274818677086
2015-29-12;120;39;10;24.6666666667;20.8166666667;13.4811291486;-4.96666666667;0.0709538540164;0.258474582131
2015-30-12;134;36;19;24.0746268657;18.8731343284;13.4849932359;-5.77837301587;0.0575120911945;0.299828724344
2015-31-12;129;41;16;14.6821705426;8.6511627907;17.8468614719;-3.95555555556;0.107684541987;0.286327701153
2016-01-01;70;26;9;34.5;19.0428571429;10.5522546898;-2.55347222222;0.114268320965;0.362555143269
2016-02-01;87;23;9;20.0114942529;15.183908046;6.93906565657;-2.49166666667;0.0511195286195;0.253840788841
2016-03-01;109;32;9;17.7064220183;13.3394495413;10.1706818182;-2.96865079365;0.0660736791241;0.238156135404
2016-04-01;138;40;10;20.9202898551;10.5869565217;16.0191522367;-2.65164141414;0.096866020453;0.246766604973
2016-05-01;143;37;15;18.1188811189;14.6643356643;11.3074540043;-4.15972222222;0.0499841383364;0.218492996902
2016-06-01;114;30;12;25.798245614;14.7368421053;12.2525493025;-1.9;0.0908118359873;0.240623918804
2016-07-01;155;45;21;21.6322580645;14.3612903226;12.8922907648;-4.98517316017;0.0510136619653;0.248426903443
2016-08-01;136;57;16;20.3970588235;11.1323529412;17.805218254;-3.54236111111;0.10487394958;0.283063224561
2016-09-01;94;25;6;28.3723404255;18.5106382979;9.31184163059;-1.13402777778;0.0869980197108;0.249579476375
2016-10-01;86;22;9;22.1395348837;19.1860465116;9.35961580087;-2.22361111111;0.0829767987181;0.194164862915
2016-11-01;113;24;11;30.2743362832;15.8318584071;9.73047077922;-3.06944444444;0.058947135706;0.202828069996
2016-12-01;147;34;20;16.462585034;9.69387755102;9.49274891775;-4.26085858586;0.0355910906931;0.226992139569
2016-13-01;155;51;10;28.0387096774;18.8838709677;16.4622204185;-3.1227994228;0.0860607806172;0.210173063197
2016-14-01;134;33;13;29.4701492537;19.0373134328;10.8343614719;-4.86666666667;0.0445350358597;0.211246257888
2016-15-01;267;79;37;29.8127340824;14.808988764;26.7036147186;-11.4018308081;0.0573100520994;0.266492378304
2016-16-01;214;64;38;19.523364486;16.6542056075;25.0672582973;-10.4329319986;0.0683847023304;0.315513681542
2016-17-01;150;35;23;17.3933333333;19.5533333333;12.5504148629;-7.48585858586;0.0337637085137;0.265689466089
2016-18-01;165;41;21;21.4909090909;16.3878787879;14.2733892496;-4.50747863248;0.0591873370737;0.220026449981
2016-19-01;201;48;33;17.0746268657;14.1144278607;14.7399981962;-8.67148629149;0.0301916015162;0.285183342547
2016-20-01;225;70;40;18.5333333333;14.92;26.3567609127;-13.5011258418;0.0571361558709;0.303485831864
2016-21-01;194;53;33;17.6391752577;10.3195876289;17.3992784993;-8.94305555556;0.0435887780604;0.240051843918
2016-22-01;211;48;35;20.3838862559;11.4075829384;17.5712301587;-7.50901598402;0.0476882188375;0.220352320797
2016-23-01;115;33;14;29.9826086957;14.0782608696;14.6004761905;-3.1101010101;0.0999163059163;0.271575224293
2016-24-01;97;34;13;26.5773195876;16.1134020619;8.56718795094;-4.66547619048;0.0402238325821;0.247479935586
2016-25-01;154;62;13;20.0584415584;13.0454545455;22.6796814297;-3.37043650794;0.125384707284;0.284449135821
2016-26-01;152;41;21;22.8881578947;17.6973684211;14.5051316739;-5.74265873016;0.057647848314;0.242331147471
2016-27-01;126;40;11;25.0396825397;12.0238095238;13.8151298701;-3.625;0.0808740465883;0.233108608763
2016-28-01;142;43;19;17.6338028169;16.161971831;16.3024116162;-4.0375;0.0863726170152;0.257936495234
2016-29-01;120;42;11;21.7;19.0;14.3112987013;-2.73333333333;0.096483044733;0.219753502285
2016-30-01;73;21;4;24.7808219178;17.7123287671;6.63336580087;-1.225;0.0740872027516;0.1901704669
2016-31-01;93;31;11;11.5053763441;15.5053763441;10.4048971861;-3.76944444444;0.0713489542119;0.27448961582
2016-01-02;127;36;14;24.5354330709;15.6929133858;12.8454100529;-4.08888888889;0.0689489855435;0.250751676874
2016-02-02;110;32;10;21.1090909091;13.1090909091;9.66698232323;-1.93472222222;0.0702932736455;0.191547392002
2016-03-02;138;44;19;25.115942029;15.8043478261;13.7749485237;-4.06944444444;0.0703297397047;0.253456045766
2016-04-02;109;31;18;19.7614678899;10.7798165138;8.21743506494;-6.11547619048;0.0192840263712;0.268327706952
2016-05-02;115;38;13;20.6869565217;16.4434782609;13.4456529582;-2.40813131313;0.0959784490871;0.262709329318
2016-06-02;74;20;7;20.6486486486;15.0135135135;5.79856060606;-1.9003968254;0.0526778889279;0.225833577084
2016-07-02;68;23;11;21.3529411765;21.5735294118;7.62819264069;-3.24166666667;0.0645077349121;0.319782647908
2016-08-02;85;27;10;38.5764705882;18.0470588235;9.25552549303;-2.16666666667;0.0833983391336;0.232153608918
2016-09-02;107;33;12;24.4579439252;11.0;8.3768262987;-3.76111111111;0.0431375251177;0.243289116128
2016-10-02;110;41;9;31.5545454545;15.7;11.0861958874;-3.82916666667;0.0659729929162;0.262114456251
2016-11-02;109;25;14;18.6880733945;16.7247706422;5.95934343434;-5.11666666667;0.00773097951997;0.234138402372
2016-12-02;115;30;15;23.6869565217;14.9130434783;8.93117694805;-4.43541666667;0.0390935676642;0.204952051572
2016-13-02;72;19;7;21.0694444444;15.3611111111;5.71942640693;-1.49583333333;0.058661014911;0.257789702581
2016-14-02;82;30;11;23.5365853659;20.3414634146;9.4647979798;-3.17083333333;0.0767556664203;0.277570830254
2016-15-02;109;26;11;15.0642201835;9.7247706422;8.48517316017;-3.30277777778;0.0475449117651;0.266661040285
2016-16-02;117;29;13;29.6581196581;15.7008547009;7.95761002886;-3.86805555556;0.0349534570368;0.233254569505
2016-17-02;127;38;17;37.3779527559;12.3622047244;11.7414375902;-6.53833333333;0.0409693248571;0.263176975037
2016-18-02;125;33;10;20.56;14.76;10.5448051948;-3.29761904762;0.0579774891775;0.213122222222
2016-19-02;126;47;10;17.1587301587;8.46031746032;20.9574833153;-2.57954545455;0.145856649688;0.354589647566
2016-20-02;81;27;8;22.2962962963;22.024691358;8.33158256674;-2.20555555556;0.075629963101;0.290479864785
2016-21-02;52;14;7;23.2115384615;18.4615384615;4.26454425204;-2.8625;0.0269623894624;0.261556730307
2016-22-02;117;29;19;20.2820512821;16.5897435897;9.02936147186;-4.88518518519;0.0354203101425;0.256089414701
2016-23-02;118;34;10;20.4915254237;16.9576271186;9.38979978355;-2.28712121212;0.0601921912833;0.207225401717
2016-24-02;133;39;14;18.7443609023;18.4736842105;16.8647655123;-2.6045995671;0.107219292821;0.293131828489
2016-25-02;120;41;9;22.65;17.5166666667;14.0627164502;-1.43531746032;0.105228324916;0.238426724895
2016-26-02;120;41;9;23.1833333333;14.55;15.4821518759;-2.06666666667;0.111795710077;0.269221996753
2016-27-02;76;16;10;25.0263157895;12.75;5.62254689755;-2.44848484848;0.0417639743298;0.175828539151
2016-28-02;60;18;7;15.2166666667;11.2166666667;7.72435064935;-1.72301587302;0.100022246272;0.26777958153
2016-29-02;139;38;14;21.9568345324;19.1007194245;15.3959632035;-3.32473845599;0.086843343507;0.304072754783
2016-01-03;148;54;16;19.9527027027;19.027027027;17.4644318182;-4.37638888889;0.0884327224952;0.31882990133
2016-02-03;115;35;14;19.0086956522;13.1217391304;11.3217424242;-2.8625;0.073558629776;0.242180594768
2016-03-03;150;45;17;20.5533333333;16.3;15.3001636905;-3.72763888889;0.0771501653439;0.273208994709
2016-04-03;132;37;10;20.3712121212;20.2196969697;11.8928170996;-1.40046897547;0.0794874857886;0.205560518606
2016-05-03;105;37;12;15.4380952381;18.0095238095;12.3313416907;-1.76582323232;0.100623985318;0.321199971369
2016-06-03;101;36;10;16.3663366337;16.801980198;10.8467043482;-2.46527777778;0.082984421489;0.226610573145
2016-07-03;106;35;12;21.6320754717;18.3773584906;11.7731150794;-4.8875;0.0649586328242;0.290829878978
2016-08-03;119;37;16;15.9243697479;12.7226890756;15.4374549062;-2.81416666667;0.106078052433;0.288632095029
2016-09-03;116;30;10;16.8017241379;10.025862069;12.2503066378;-2.69848484848;0.0823432912873;0.277470517988
2016-10-03;111;25;14;13.5855855856;9.52252252252;8.64076839827;-3.76041666667;0.0439671327171;0.228231201981
2016-11-03;88;26;5;18.3068181818;10.7954545455;9.14281204906;-1.00555555556;0.0924688237898;0.229216269841
2016-12-03;56;17;6;57.4821428571;22.1071428571;6.8126758658;-1.72124542125;0.0909184007956;0.221223939751
2016-13-03;75;21;11;24.1333333333;19.9066666667;5.31396103896;-2.99640151515;0.0309007936508;0.216563492063
2016-14-03;94;26;14;36.0;19.9893617021;10.8406385281;-3.49900793651;0.0781024531025;0.283055382856
2016-15-03;76;23;12;26.1578947368;13.2105263158;6.28203463203;-2.6288510101;0.0480682055518;0.234022145009
2016-16-03;111;40;10;25.7747747748;18.4504504505;10.1223124098;-1.475;0.0779037154037;0.266123591124
2016-17-03;80;21;5;29.9875;15.4875;7.4351046176;-0.95;0.0810638077201;0.21558851912
2016-18-03;69;17;9;23.652173913;15.0144927536;6.2371969697;-1.01134559885;0.0757369763892;0.250027422256
2016-19-03;51;17;6;15.7058823529;18.5294117647;4.91654040404;-1.94305555556;0.0583036244801;0.25391237303
2016-20-03;52;9;8;31.8653846154;19.6730769231;3.08939393939;-1.34861111111;0.0334765928516;0.198832070707
2016-21-03;86;16;11;18.9534883721;17.523255814;5.34837662338;-3.89166666667;0.0169384878687;0.205767601262
2016-22-03;88;28;4;17.7159090909;15.4090909091;6.63387409812;-1.26666666667;0.0609909935393;0.225805768726
2016-23-03;92;31;10;13.152173913;9.65217391304;9.03471320346;-1.91527777778;0.0773851676705;0.265615255819
2016-24-03;73;24;3;32.1232876712;15.3698630137;9.90411255411;-1.2;0.119234418549;0.25759873688
2016-25-03;65;23;4;78.8461538462;13.9230769231;10.0461742424;-0.458333333333;0.147505244755;0.199350815851
2016-26-03;61;17;8;18.5737704918;15.9016393443;4.85120454545;-2.34236111111;0.0411285808909;0.228937211695
2016-27-03;61;17;6;13.4590163934;14.8032786885;5.62224025974;-1.28333333333;0.0711296217444;0.22236119982
2016-28-03;81;22;6;21.5185185185;12.3209876543;6.75020562771;-2.39722222222;0.0537405358702;0.219582910231
2016-29-03;86;22;18;20.0;12.8953488372;7.46626984127;-4.97638888889;0.0289521040975;0.253582125239
2016-30-03;91;26;13;15.6373626374;11.7252747253;9.45981060606;-3.38611111111;0.066743950494;0.253321995465
2016-31-03;89;30;11;17.4157303371;9.93258426966;10.032092803;-3.70138888889;0.0711315046533;0.265682101918
2016-01-04;109;28;12;20.871559633;8.24770642202;10.5454058442;-2.30113636364;0.0756354998213;0.251111044918
2016-02-04;68;16;10;16.6323529412;10.8088235294;5.9303030303;-1.35912698413;0.0672231771496;0.248376490748
2016-03-04;64;21;9;37.03125;15.9375;8.00493326118;-1.46018518519;0.102261688687;0.237082619348
2016-04-04;101;21;9;23.0099009901;11.5247524752;7.37610750361;-1.58333333333;0.0573541997057;0.177342662838
2016-05-04;119;37;14;27.1260504202;9.54621848739;9.72826839827;-4.13888888889;0.0469695757091;0.266105957535
2016-06-04;82;27;3;22.512195122;14.9634146341;9.60289502165;-0.429166666667;0.111874736036;0.243541248724
2016-07-04;90;24;10;19.0;10.1666666667;8.74318181818;-2.70681818182;0.0670707070707;0.264396544813
2016-08-04;87;26;7;20.7011494253;10.4597701149;7.45943181818;-2.75833333333;0.0540356147684;0.209908568443
2016-09-04;85;17;8;26.9411764706;10.8117647059;5.19734848485;-1.87936507937;0.039035098888;0.1573119854
2016-10-04;50;13;1;21.0;18.82;5.62895021645;-0.125;0.110079004329;0.180731601732
2016-11-04;92;22;6;19.4456521739;10.7608695652;7.20772005772;-1.93125;0.05735293541;0.154827388795
2016-12-04;91;20;11;17.3956043956;15.9230769231;5.77628066378;-2.38134920635;0.0373069390927;0.194340580055
2016-13-04;95;20;12;17.7368421053;14.1894736842;8.22297979798;-2.87604166667;0.056283559277;0.213474405711
2016-14-04;105;18;15;17.180952381;11.8;7.95;-2.78888888889;0.0491534391534;0.184905517763
2016-15-04;89;22;13;18.2359550562;11.8426966292;10.5902056277;-3.66016414141;0.0778656346774;0.325308461825
2016-16-04;73;24;9;22.0547945205;15.9726027397;7.03902417027;-2.4220959596;0.0632455919271;0.232272579019
2016-17-04;47;15;7;22.0638297872;18.914893617;4.78125;-2.26111111111;0.0536199763593;0.262291033435
2016-18-04;88;25;4;17.6818181818;10.9090909091;7.72651515152;-1.05138888889;0.0758537075298;0.21381819727
2016-19-04;106;31;9;18.9716981132;13.6226415094;13.1846230159;-2.21666666667;0.103471286313;0.234044624139
2016-20-04;114;31;15;14.4912280702;9.78947368421;8.48803030303;-3.44440836941;0.0442422976634;0.256211277352
2016-21-04;115;26;17;19.7565217391;8.41739130435;8.32743506494;-4.5255952381;0.0330594767551;0.223957400088
2016-22-04;105;28;13;17.8095238095;12.2761904762;6.98472041847;-3.10535714286;0.0369463169106;0.240497766783
2016-23-04;72;17;3;25.2222222222;16.1111111111;7.95681818182;-0.49880952381;0.103583453583;0.17450547138
2016-24-04;74;21;7;31.9459459459;16.5945945946;8.33423520924;-1.64404761905;0.0904079404079;0.182343463593
2016-25-04;115;36;13;26.6695652174;12.6260869565;12.5345824315;-3.13205357143;0.081761120522;0.25335221783
2016-26-04;96;29;14;37.4270833333;13.9166666667;8.29434343434;-3.16574074074;0.053422944725;0.26316255311
2016-27-04;113;29;9;19.1769911504;11.6194690265;7.49732142857;-1.47070707071;0.0533328704236;0.185310756107
2016-28-04;115;27;17;23.6;11.6869565217;10.1335281385;-4.24292929293;0.0512225986574;0.243825961478
2016-29-04;101;30;12;18.7722772277;10.9108910891;9.59551948052;-3.70871212121;0.0582852213793;0.252695198091
2016-30-04;74;12;10;14.8918918919;13.8783783784;4.10272727273;-2.11843434343;0.0268147693148;0.14423953299
2016-01-05;48;16;1;27.1458333333;21.4166666667;4.23561958874;-0.125;0.0856379080988;0.194276845839
2016-02-05;280;70;31;42.1821428571;12.7214285714;21.9016887626;-9.24836760462;0.0451904327072;0.263997758194
2016-03-05;233;64;31;37.1330472103;14.8841201717;21.9403896104;-8.2871031746;0.0585977958617;0.25534895243
2016-04-05;199;59;24;23.6130653266;12.8743718593;18.5895238095;-6.73027777778;0.0595942011646;0.263278930729
2016-05-05;202;54;25;29.3118811881;14.9702970297;15.3631782107;-8.91597222222;0.031916861329;0.250527490249
2016-06-05;176;55;20;23.9147727273;11.7045454545;19.4110119048;-6.84583333333;0.0713930600649;0.285381519522
2016-07-05;71;18;15;32.7887323944;14.6056338028;5.67108585859;-3.50654761905;0.030486454078;0.231189663232
2016-08-05;83;25;16;31.578313253;14.0481927711;7.75277777778;-6.03888888889;0.0206492637216;0.34623037605
2016-09-05;109;26;10;33.4036697248;13.9541284404;8.88766233766;-4.18166666667;0.043174272211;0.228964480983
2016-10-05;106;29;12;21.7358490566;11.858490566;10.3086796537;-3.2337962963;0.0667441826168;0.269930450402
2016-11-05;104;28;10;17.2692307692;15.2307692308;11.2067099567;-3.17142857143;0.0772623210123;0.225010926573
2016-12-05;83;25;11;21.9518072289;13.2289156627;9.75703463203;-3.01597222222;0.0812176193953;0.234511096333
2016-13-05;106;24;7;16.3867924528;9.44339622642;7.14073593074;-1.68796296296;0.051441254413;0.185310528919
2016-14-05;57;18;7;33.0;11.9824561404;7.61314935065;-1.48630952381;0.107488418015;0.257652654363
2016-15-05;51;13;8;35.6274509804;20.137254902;4.94621212121;-1.55416666667;0.0665106951872;0.306078289902
2016-16-05;81;25;4;25.7160493827;12.5555555556;11.3437085137;-0.527777777778;0.133530009086;0.250971309212
2016-17-05;94;26;11;23.329787234;12.2765957447;10.5073268398;-2.82797619048;0.0816952196739;0.229068765159
2016-18-05;78;19;9;23.1153846154;15.6282051282;6.28484848485;-3.19431818182;0.0396221833722;0.210887723388
2016-19-05;81;25;12;29.037037037;17.6049382716;9.54686147186;-3.21283670034;0.0781978366855;0.236069951425
2016-20-05;79;26;11;27.1265822785;15.0253164557;6.52159090909;-3.44015151515;0.0390055619486;0.277298482109
2016-21-05;54;11;8;23.8148148148;21.2592592593;5.08636363636;-2.0375;0.0564604377104;0.258404648335
2016-22-05;61;14;6;17.1475409836;13.2459016393;5.02435064935;-0.6375;0.0719155844156;0.160530066473
2016-23-05;104;24;19;23.5865384615;17.3557692308;6.30781024531;-3.59339225589;0.0261001729752;0.175739656533
2016-24-05;89;22;8;19.7303370787;17.2134831461;5.66756854257;-1.94987373737;0.0417718517438;0.216255046452
2016-25-05;96;22;11;21.6145833333;13.3229166667;8.64476551227;-2.96597222222;0.0591540967713;0.239297776876
2016-26-05;112;28;10;22.3571428571;9.05357142857;8.80207792208;-2.91944444444;0.0525235131932;0.239984217172
2016-27-05;123;25;12;24.8861788618;11.5040650407;10.4947348485;-3.18333333333;0.0594422887411;0.225153157592
2016-28-05;91;30;9;25.4395604396;16.1208791209;9.50974025974;-3.24166666667;0.0688799295942;0.276852512567
2016-29-05;82;28;14;32.9634146341;13.4390243902;8.01818181818;-3.68451178451;0.052849634557;0.292618748041
2016-30-05;116;27;10;25.9913793103;12.6724137931;7.82909090909;-2.84570075758;0.0429602599269;0.182374950241
2016-31-05;124;37;19;25.9032258065;11.3790322581;13.1435010823;-5.08888888889;0.0649565499465;0.290645190383
2016-01-06;121;41;8;22.7685950413;12.3305785124;14.5047294372;-1.9125;0.104068011878;0.24927668062
2016-02-06;137;43;15;21.2773722628;11.5328467153;17.7793383049;-5.54543650794;0.0892985532627;0.283959959343
2016-03-06;121;35;7;30.5537190083;13.958677686;8.95249278499;-2.15625;0.0561672957437;0.210193075978
2016-04-06;96;20;15;24.9583333333;13.8958333333;7.76525974026;-4.57430555556;0.0332391060907;0.252084084897
2016-05-06;87;22;9;19.8275862069;14.6896551724;9.93104617605;-2.10347222222;0.0899721144118;0.300004657964
2016-06-06;135;40;14;23.9481481481;11.6074074074;13.7749440837;-3.1996031746;0.0783358585859;0.225016647961
2016-07-06;147;49;14;20.6258503401;12.6666666667;16.6303697691;-3.90972222222;0.0865350173258;0.248741950604
2016-08-06;122;36;19;23.6475409836;13.2295081967;11.8931367244;-4.53591269841;0.060305114967;0.250553544816
2016-09-06;98;26;16;26.1428571429;13.4897959184;7.97938311688;-5.2675;0.0276722767029;0.277091100509
2016-10-06;116;36;9;22.3706896552;13.8362068966;12.3392316017;-3.175;0.0790019965667;0.306095359382
2016-11-06;80;14;11;22.675;12.8625;4.40750901876;-3.30694444444;0.0137570571789;0.201773358586
2016-12-06;163;43;24;43.3190184049;16.8650306748;15.5697357504;-8.16458333333;0.0454303829265;0.273002881577
2016-13-06;229;68;28;24.6288209607;9.83406113537;28.2733636364;-6.30802849928;0.0959184940484;0.303077189429
2016-14-06;188;52;24;13.2340425532;11.3776595745;18.4633964646;-5.98287878788;0.0663857323232;0.256056499647
2016-15-06;184;48;22;22.2663043478;12.277173913;15.9423860029;-4.66990656566;0.0612634752023;0.237047285746
2016-16-06;200;57;26;39.335;12.77;20.4340914502;-7.95427263709;0.0623990940657;0.29022546176
2016-17-06;152;33;20;21.6842105263;16.2105263158;13.6971632997;-3.94312169312;0.0641713263588;0.253081749513
2016-18-06;120;27;12;28.6333333333;17.4833333333;10.8679761905;-4.83888888889;0.0502423941799;0.23139721621
2016-19-06;66;17;5;36.9545454545;21.9242424242;5.47312409812;-0.783333333333;0.0710574358302;0.239400407393
2016-20-06;137;33;12;21.5474452555;15.3284671533;11.766504329;-3.72597763348;0.0586899758798;0.203300286494
2016-21-06;168;49;21;19.7857142857;15.3511904762;16.7958336108;-6.88523629149;0.0589916507104;0.272740625776
2016-22-06;157;43;18;17.0891719745;13.5668789809;12.7503625541;-4.77777777778;0.0507807947537;0.242429803035
2016-23-06;136;41;9;18.2279411765;14.3088235294;13.0315602453;-1.2050986051;0.0869592767663;0.199073251775
2016-24-06;158;38;17;30.3164556962;12.335443038;13.1545833333;-3.52835497835;0.0609254959176;0.224672756041
2016-25-06;86;29;10;26.7558139535;15.6744186047;8.92718253968;-3.15473484848;0.0671214847814;0.220261292325
2016-26-06;79;22;5;24.5949367089;15.582278481;8.16653679654;-0.627083333333;0.0954361197874;0.240832374377
2016-27-06;134;30;15;20.328358209;15.6417910448;9.17542388167;-3.22916666667;0.0443750538433;0.234483561629
2016-28-06;125;40;11;24.696;10.848;12.263219697;-3.02916666667;0.0738724242424;0.221672294372
2016-29-06;116;37;17;19.6379310345;14.8017241379;10.5042640693;-5.03142135642;0.047179678559;0.248753047719
2016-30-06;131;44;12;19.1297709924;12.0458015267;11.7238852814;-2.16842074592;0.07294247737;0.243352595242
2016-01-07;107;27;11;22.1775700935;14.308411215;10.275;-2.96458333333;0.0683216510903;0.225878884874
2016-02-07;84;20;8;21.9880952381;20.380952381;8.44058441558;-2.37777777778;0.0721762694977;0.26612317907
2016-03-07;91;28;14;27.5494505495;22.7032967033;9.84048778602;-3.1095959596;0.0739658442465;0.276106027382
2016-04-07;94;24;16;19.8617021277;15.5425531915;6.78057359307;-3.62182539683;0.0336037042154;0.227540219827
2016-05-07;94;23;12;22.2340425532;14.3404255319;6.48170995671;-3.37496693122;0.033050457718;0.227237547716
2016-06-07;122;31;17;29.8278688525;15.1229508197;9.28286435786;-6.0970959596;0.0261128557235;0.235401881816
2016-07-07;160;36;14;11.53125;9.425;11.2089592352;-3.25654761905;0.049702572601;0.200042252886
2016-08-07;118;40;14;24.7118644068;12.3898305085;14.6724819625;-3.35782828283;0.0958868955903;0.232223200528
2016-09-07;201;57;16;26.0099502488;10.5373134328;30.1661562049;-4.20027777778;0.129183474762;0.275083699468
2016-10-07;87;19;16;30.3793103448;18.183908046;6.97344155844;-3.03777056277;0.0452375976514;0.232117480221
2016-11-07;111;27;16;22.6126126126;13.2702702703;12.5781836219;-4.28806818182;0.0746857246857;0.232546426296
2016-12-07;131;33;23;30.1603053435;9.6641221374;12.388030303;-5.15487637363;0.0552149154916;0.274793503782
2016-13-07;89;26;9;26.595505618;13.5617977528;9.27525252525;-1.38269230769;0.0886804518827;0.20877214234
2016-14-07;106;32;10;25.3113207547;14.2641509434;10.9964285714;-3.13611111111;0.0741539383049;0.290285435215
2016-15-07;74;21;8;26.7432432432;16.027027027;7.02727272727;-1.58253968254;0.0735774735775;0.234591572092
2016-16-07;74;21;8;32.2297297297;17.6621621622;6.7851010101;-1.81388888889;0.0671785421785;0.249679224679
2016-17-07;63;19;7;22.9047619048;15.3968253968;6.75606060606;-2.54435185185;0.0668525199081;0.273046584515
2016-18-07;92;27;10;27.5326086957;16.6086956522;8.88694805195;-2.6694047619;0.0675819922831;0.216147186147
2016-19-07;102;26;16;19.431372549;13.6862745098;8.02956349206;-4.11931818182;0.0383357383357;0.227203583454
2016-20-07;87;30;8;33.0;16.7471264368;12.3017316017;-1.59226190476;0.123097352839;0.232958277355
2016-21-07;78;15;14;33.3076923077;22.3461538462;5.29633838384;-3.08343253968;0.0283705877456;0.228770650646
2016-22-07;68;18;11;23.9558823529;18.2352941176;6.90443722944;-2.89125180375;0.0590174327307;0.241336420932
2016-23-07;58;18;4;23.224137931;22.3275862069;6.18730519481;-1.05;0.0885742274966;0.244524929094
2016-24-07;61;15;5;20.8852459016;18.5573770492;4.06347402597;-1.39722222222;0.0437090459631;0.185227864121
2016-25-07;77;14;10;20.7142857143;18.038961039;4.08722943723;-1.30555555556;0.0361256348269;0.175289771556
2016-26-07;107;36;7;22.6261682243;13.2523364486;13.5007215007;-2.90416666667;0.0990332227482;0.28641100592
2016-27-07;96;23;17;23.3854166667;13.90625;8.29345598846;-4.15018037518;0.0431591209716;0.283193129209
2016-28-07;90;24;4;22.9222222222;18.4111111111;7.99612012987;-0.791666666667;0.0800494829245;0.188061087061
2016-29-07;90;23;11;26.4333333333;18.6;8.24669011544;-2.59166666667;0.0628335938753;0.268300765592
2016-30-07;60;20;4;20.3333333333;18.4;7.05765151515;-1.59583333333;0.0910303030303;0.236862373737
2016-31-07;67;18;9;33.8507462687;19.4776119403;6.41753487253;-2.89015151515;0.0526475127968;0.241088164875
2016-01-08;78;25;13;27.4871794872;23.3846153846;11.3431890332;-4.56980820106;0.0868382157965;0.340254483171
2016-02-08;135;36;8;21.3111111111;34.837037037;13.4933712121;-3.25853174603;0.0758136256747;0.224395409118
2016-03-08;327;92;52;21.8409785933;35.7859327217;32.6652462121;-15.4731944444;0.0525750818583;0.284073632789
2016-04-08;164;53;20;24.743902439;15.5426829268;15.2652146465;-4.9505952381;0.0628940207827;0.252282295956
2016-05-08;148;31;19;24.8851351351;17.5878378378;9.4995995671;-5.69722222222;0.0256917388167;0.238215406965
2016-06-08;110;29;12;22.6090909091;23.3090909091;8.55656926407;-4.425;0.0375597205824;0.269396202283
2016-07-08;97;25;13;16.0206185567;18.3092783505;8.01465367965;-3.7005952381;0.0444748292944;0.269122855953
2016-08-08;151;41;20;22.3774834437;16.1655629139;12.6687481962;-4.77599206349;0.0522699081639;0.263979267605
2016-09-08;118;30;13;31.6949152542;13.6355932203;9.72466329966;-4.28320707071;0.0461140358386;0.248524082634
2016-10-08;134;39;18;16.6268656716;11.4328358209;16.3895093795;-4.74761904762;0.0868797785962;0.272066884194
2016-11-08;117;24;20;20.5299145299;17.0512820513;7.02792207792;-5.26664724165;0.0150536310793;0.226488628892
2016-12-08;110;27;18;19.2363636364;13.1818181818;9.45984848485;-4.47398989899;0.0453259871442;0.191821051423
2016-13-08;65;23;10;34.9538461538;23.2461538462;6.79188311688;-1.30928030303;0.0843477355977;0.270945443445
2016-14-08;48;15;9;30.7083333333;19.3333333333;6.50454545455;-2.11111111111;0.0915298821549;0.31341540404
2016-15-08;82;21;9;55.2682926829;17.243902439;8.80367965368;-2.13333333333;0.0813456868335;0.202523272798
2016-16-08;103;27;10;22.5145631068;14.8737864078;9.65242424242;-1.71182178932;0.0770932277;0.224232267193
2016-17-08;71;20;10;29.0;16.0422535211;7.93787878788;-2.31111111111;0.0792502489686;0.298400504034
2016-18-08;88;19;15;19.1363636364;10.8522727273;8.15454545455;-4.46944444444;0.0418761478421;0.215544651056
2016-19-08;82;23;12;23.4146341463;14.6585365854;6.33097402597;-2.71527777778;0.0440938566853;0.18379636962
2016-20-08;51;12;6;39.0588235294;16.8235294118;4.45416666667;-1.40158730159;0.0598544973545;0.239940605872
2016-21-08;51;14;8;47.431372549;17.3529411765;3.40937770563;-1.71507936508;0.0332215360892;0.230832343038
2016-22-08;89;19;12;21.191011236;12.7640449438;6.9053030303;-2.11944444444;0.0537736919759;0.202976393145
2016-23-08;76;23;11;22.1447368421;15.1184210526;6.6220021645;-2.50324074074;0.05419422926;0.222208306435
2016-24-08;83;34;4;13.1927710843;12.8915662651;9.59683441558;-0.8;0.105985956814;0.294166710131
2016-25-08;81;25;8;19.8024691358;13.037037037;7.4297979798;-2.90256613757;0.0558917511387;0.254086206432
2016-26-08;84;26;9;16.5476190476;9.30952380952;9.18848484848;-2.40560290404;0.0807485945767;0.255396095307
2016-27-08;64;12;6;15.0625;13.734375;3.92305194805;-1.33333333333;0.040464353355;0.180869521104
2016-28-08;64;27;10;32.734375;15.84375;11.4053030303;-2.69166666667;0.136150568182;0.361578677399
2016-29-08;74;23;10;24.5;23.2297297297;6.37228354978;-3.19583333333;0.042925002925;0.216116363929
2016-30-08;66;13;10;21.8939393939;14.9545454545;6.22651515152;-1.86422558923;0.0660952963983;0.158358112146
2016-31-08;104;31;6;21.0673076923;8.66346153846;9.25511363636;-2.23333333333;0.0675171182984;0.224380827506
2016-01-09;84;33;12;18.0357142857;8.46428571429;11.5500396825;-2.99729437229;0.101818396551;0.271296025403
2016-02-09;81;32;6;21.6419753086;9.66666666667;10.5483225108;-1.49166666667;0.111810565977;0.290363957031
2016-03-09;57;16;6;17.2631578947;12.9122807018;5.86010822511;-0.958928571429;0.0859856079593;0.247291207818
2016-04-09;59;18;5;17.7457627119;10.7627118644;5.48592397186;-1.5125;0.0673461690146;0.205499302957
2016-05-09;79;21;14;20.6455696203;11.1518987342;8.36929292929;-3.62222222222;0.0600895026211;0.275931146912
2016-06-09;81;26;6;24.2962962963;13.2222222222;5.65344877345;-1.25;0.0543635651043;0.226082874601
2016-07-09;81;29;7;27.1481481481;10.8395061728;9.14847222222;-2.01111111111;0.088115569273;0.267196813817
2016-08-09;74;19;11;26.4054054054;15.1756756757;6.45089285714;-2.86388888889;0.048473026598;0.225883107133
2016-09-09;80;24;12;32.8375;12.8875;9.1625;-2.50381944444;0.0832335069444;0.254873737374
2016-10-09;62;14;7;20.1935483871;12.5483870968;4.46529882155;-3.0125;0.0234322390572;0.232064694565
2016-11-09;64;17;8;34.421875;14.75;5.69107142857;-2.75297619048;0.0459077380952;0.226795014881
2016-12-09;85;31;7;30.8117647059;15.8352941176;9.70500541126;-1.11722222222;0.1010327434;0.237060903149
2016-13-09;93;23;9;24.2365591398;11.688172043;7.87058982684;-3.02333333333;0.0521210375646;0.224395568589
2016-14-09;90;25;7;18.6;13.6444444444;8.76734848485;-2.35952380952;0.0711980519481;0.187560525894
2016-15-09;84;25;5;31.2261904762;14.869047619;8.29990981241;-1.03055555556;0.0865399316292;0.201225477565
2016-16-09;87;21;12;27.5862068966;12.4827586207;6.79715909091;-2.08819444444;0.0541260304191;0.224013119703
2016-17-09;61;15;14;19.5901639344;19.6721311475;5.53852813853;-4.76287878788;0.0127155631254;0.299890887801
2016-18-09;64;15;5;24.671875;15.875;4.97123376623;-0.676388888889;0.0671069512085;0.191759898088
2016-19-09;77;18;7;26.3506493506;17.5324675325;5.51880411255;-1.38055555556;0.0537434877532;0.226040788216
2016-20-09;76;13;9;25.25;11.5;4.09805194805;-2.33888888889;0.0231468823574;0.176867357788
2016-21-09;74;26;6;19.3648648649;13.9864864865;10.6992965368;-1.50138888889;0.124296049296;0.276661889162
2016-22-09;101;26;12;19.0396039604;11.8217821782;8.25831168831;-2.54930555556;0.0565248131956;0.206217461032
2016-23-09;82;18;11;15.8536585366;13.1219512195;5.36504329004;-2.54002525253;0.0344514394819;0.206544759441
2016-24-09;50;10;5;22.6;15.56;3.21201298701;-1.2375;0.0394902597403;0.17346038961
2016-25-09;56;14;9;21.0714285714;17.0714285714;4.30448051948;-2.11944444444;0.0390185013399;0.249074804164
2016-26-09;96;29;9;19.5416666667;11.7604166667;8.67474025974;-2.33740079365;0.0660139527718;0.25382750496
2016-27-09;95;19;10;24.5157894737;11.0631578947;5.93811688312;-3.125;0.0296117566644;0.206963804714
2016-28-09;100;31;10;17.43;9.57;11.9023148148;-2.11666666667;0.0978564814815;0.194479737855
2016-29-09;88;29;9;17.5340909091;8.93181818182;7.21680194805;-2.09027777778;0.0582559564804;0.250301820969
2016-30-09;94;21;12;25.4042553191;10.3085106383;6.89393939394;-4.19848484848;0.0286750483559;0.225701160542
2016-01-10;76;29;9;17.0131578947;10.9342105263;8.98566017316;-3.10694444444;0.0773515227463;0.299345475431
2016-02-10;63;17;6;34.5555555556;17.6349206349;5.91768578644;-1.47626262626;0.0704987803202;0.236244817792
2016-03-10;110;33;15;21.1272727273;10.7636363636;10.8262806638;-4.95063131313;0.0534149940968;0.271780483405
2016-04-10;99;32;7;21.0707070707;7.23232323232;9.12212962963;-2.3625;0.068279087168;0.237237623955
2016-05-10;90;24;21;26.1888888889;12.5444444444;7.68022727273;-4.53611111111;0.034934624018;0.345971725805
2016-06-10;73;15;10;24.4794520548;9.58904109589;5.48852813853;-1.58697916667;0.0534458763269;0.204091304434
2016-07-10;73;21;11;32.9726027397;19.0684931507;8.62929292929;-1.58291125541;0.0965257763545;0.238383912511
2016-08-10;64;18;9;27.359375;14.15625;7.03079004329;-2.62777777778;0.0687970666486;0.259737723214
2016-09-10;55;19;4;56.6727272727;11.7818181818;7.12083333333;-0.5;0.120378787879;0.244917355372
2016-10-10;80;17;6;19.2625;18.1125;6.86010822511;-2.1;0.0595013528139;0.229705898268
2016-11-10;100;25;12;18.74;14.76;7.71788419913;-3.09444444444;0.0462343975469;0.218186399711
2016-12-10;115;34;9;21.4956521739;17.0869565217;11.8231006494;-1.82916666667;0.0869037737625;0.221713924964
2016-13-10;102;28;17;17.931372549;11.931372549;9.30145652958;-4.94305555556;0.042729421314;0.291724705034
2016-14-10;77;23;7;37.4545454545;14.1688311688;6.84703282828;-1.99305555556;0.0630386658796;0.21750906561
2016-15-10;69;21;5;19.3188405797;20.768115942;7.98988095238;-1.44305555556;0.0948815274902;0.308310328963
2016-16-10;85;19;9;20.7058823529;15.2235294118;6.18304473304;-3.33888888889;0.0334606569901;0.228757045242
2016-17-10;100;29;17;23.97;16.99;9.17323232323;-4.12083333333;0.050523989899;0.244477344877
2016-18-10;94;28;11;26.9361702128;13.9893617021;8.18375901876;-2.45833333333;0.0609087838875;0.275990816217
2016-19-10;93;18;13;23.0860215054;16.0752688172;6.69924242424;-2.98194444444;0.0399709460193;0.188364831107
2016-20-10;104;30;9;18.5096153846;12.7211538462;9.14975649351;-2.14882478632;0.0673166510306;0.221901829474
2016-21-10;82;22;11;16.7195121951;10.5853658537;6.65941558442;-1.66891025641;0.0608598210732;0.278491308827
2016-22-10;74;16;7;31.4594594595;14.6756756757;5.33077200577;-1.49204545455;0.0518746831247;0.150865313365
2016-23-10;71;26;5;27.7042253521;21.1830985915;8.2044522607;-0.975568181818;0.101815268717;0.27914333645
2016-24-10;92;23;10;20.0108695652;14.1413043478;4.80396464646;-1.49583333333;0.0359579490558;0.226838493632
2016-25-10;117;27;10;37.7777777778;11.0;9.93765151515;-3.56666666667;0.0544528619529;0.231857355607
2016-26-10;153;42;7;13.8169934641;15.4901960784;14.0097968525;-3.45992063492;0.0689534393303;0.255882152524
2016-27-10;142;40;14;27.6901408451;17.6408450704;12.7500829726;-5.42638888889;0.0515753104485;0.255171610471
2016-28-10;92;23;8;21.0434782609;10.1739130435;7.41125541126;-0.943055555556;0.0703065201707;0.195821961855
2016-29-10;103;30;12;23.7087378641;16.0582524272;11.9949337121;-3.51527777778;0.0823267566441;0.275342922989
2016-30-10;72;24;8;25.2916666667;14.2916666667;10.3152380952;-2.46388888889;0.109046516755;0.275985174162
2016-31-10;89;20;13;24.7078651685;14.6179775281;8.29224025974;-2.6125;0.0638173062892;0.208267911863
2016-01-11;100;25;8;34.4;13.59;10.613510101;-1.22954545455;0.0938396464646;0.189946969697
2016-02-11;82;24;7;21.9512195122;12.243902439;8.47234487734;-2.50555555556;0.0727657234365;0.237435152923
2016-03-11;125;31;10;22.056;10.736;9.99783549784;-2.495;0.0600226839827;0.223196883117
2016-04-11;95;33;6;18.5789473684;12.7473684211;11.4908712121;-2.09351851852;0.0989195020379;0.250847889927
2016-05-11;53;13;6;34.9056603774;15.4150943396;3.29255411255;-1.15555555556;0.0403207274905;0.223737305671
2016-06-11;70;24;10;89.8714285714;19.6714285714;7.36372835498;-2.28055555556;0.0726167542775;0.339655148423
2016-07-11;102;25;9;15.9019607843;11.2843137255;6.78235690236;-2.57;0.0412976166898;0.212815878747
2016-08-11;89;28;7;22.8314606742;10.8314606742;11.0297619048;-1.57121212121;0.106275840265;0.246404494382
2016-09-11;112;35;10;48.7053571429;14.6875;11.4257575758;-1.6;0.087729978355;0.22052379664
2016-10-11;79;25;12;16.7341772152;12.8101265823;9.74715909091;-2.57038239538;0.0908452746269;0.28913790148
2016-11-11;88;32;9;33.7613636364;14.7386363636;13.6257034632;-2.29332611833;0.128777015283;0.292561163584
2016-12-11;56;15;9;35.0;13.0535714286;4.65291125541;-2.5875;0.0368823438466;0.231873776026
2016-13-11;79;24;10;25.3670886076;17.8227848101;8.2094534632;-2.91666666667;0.066997301222;0.233177023399
2016-14-11;84;20;3;22.2857142857;15.5119047619;7.27818181818;-1.03333333333;0.0743434343434;0.212490680616
2016-15-11;107;29;13;19.7757009346;11.7009345794;11.0930140693;-4.09027777778;0.0654461335653;0.239004380874
2016-16-11;124;37;9;22.1129032258;15.1209677419;10.0956818182;-1.6875;0.0678079178886;0.210105694037
2016-17-11;119;28;19;27.1848739496;16.1092436975;10.0952741703;-3.93478114478;0.0517688489537;0.221250934717
2016-18-11;122;26;20;34.4016393443;19.4672131148;10.8461796537;-4.89332264957;0.0487939098697;0.287234002336
2016-19-11;84;28;9;28.0952380952;16.5476190476;10.1961975524;-2.65992063492;0.0897175823515;0.246133975152
2016-20-11;89;26;15;24.9325842697;18.5168539326;7.84008658009;-3.17407407407;0.0524271068091;0.239685633759
2016-21-11;139;37;13;17.9208633094;12.9496402878;15.2476623377;-3.77242063492;0.0825556957032;0.220277816708
2016-22-11;133;41;16;26.3609022556;15.954887218;17.913975469;-4.79861111111;0.0986117620892;0.288481919083
2016-23-11;148;37;21;23.472972973;17.972972973;15.5631583694;-5.85823412698;0.0655738124488;0.29902720684
2016-24-11;169;48;19;20.0355029586;17.0769230769;16.6470959596;-4.58055555556;0.0713996473612;0.279758809567
2016-25-11;152;53;23;16.1052631579;14.2960526316;19.9977453102;-4.89166666667;0.0993820963393;0.295247826004
2016-26-11;76;23;15;30.0526315789;18.3026315789;6.75651154401;-4.175;0.033967257158;0.309107595621
2016-27-11;92;23;13;18.152173913;15.3804347826;6.06218073593;-2.77121212121;0.0357713979861;0.191265057406
2016-28-11;106;25;15;24.5660377358;18.1132075472;8.63134920635;-4.53625;0.0386330113807;0.237298592393
2016-29-11;125;50;15;29.728;16.736;14.1376803752;-4.35625;0.0782514430014;0.297819004329
2016-30-11;125;33;16;18.6;13.2;10.9136796537;-3.89490740741;0.0561501779702;0.177374208754
2016-01-12;143;45;13;18.0909090909;11.8601398601;15.565726912;-2.13134920635;0.0939466972422;0.227683061888
2016-02-12;129;38;12;33.2403100775;19.1937984496;11.3017748918;-2.86458333333;0.0654045857244;0.210998817074
2016-03-12;96;33;7;40.25;17.875;11.3373538961;-2.475;0.0923161864177;0.259786743927
2016-04-12;87;20;10;24.5287356322;17.1034482759;8.22987914863;-2.21726190476;0.069110543033;0.22234744821
2016-05-12;120;49;8;19.7166666667;16.6416666667;15.6562157287;-3.07232142857;0.104865785835;0.303400613276
2016-06-12;136;41;14;16.8823529412;13.9705882353;13.0597267316;-3.57058080808;0.0697731317906;0.250206786677
2016-07-12;132;32;19;25.2196969697;19.0378787879;9.45048701299;-5.97859848485;0.0263021858192;0.270185622458
2016-08-12;144;43;17;25.8472222222;19.8958333333;15.8163744589;-6.08888888889;0.0675519831249;0.267859756627
2016-09-12;110;33;13;23.9545454545;15.3090909091;10.879493747;-3.70347222222;0.0652365593161;0.248904772837
2016-10-12;97;24;7;26.7216494845;16.4639175258;8.3862012987;-1.39002525253;0.0721255262492;0.19199227176
2016-11-12;95;23;10;20.6736842105;17.2947368421;9.54242424242;-4.64375;0.0515649920255;0.243489405332
2016-12-12;112;41;16;24.1875;15.3035714286;10.907398088;-4.51058080808;0.0571144399995;0.290509592094
2016-13-12;139;37;16;30.5899280576;18.654676259;12.2208333333;-4.48863636364;0.0556273163288;0.205495603517
2016-14-12;143;37;18;21.034965035;10.2097902098;12.9211661255;-4.46037878788;0.0591663450186;0.231128139537
2016-15-12;135;38;12;24.1851851852;13.8518518519;13.235;-2.66553030303;0.0782923681257;0.229185251991
2016-16-12;128;46;16;26.015625;10.9140625;16.1370508658;-4.24011183261;0.0929448361968;0.299080030213
2016-17-12;95;34;10;22.1473684211;15.1578947368;15.2495761183;-2.97916666667;0.129162204754;0.280100744285
2016-18-12;82;26;6;24.5609756098;19.8414634146;8.79699134199;-1.86666666667;0.0845161545771;0.239530936543
2016-19-12;125;33;15;19.824;13.184;16.5137806638;-3.21113756614;0.106421144781;0.251375969216
2016-20-12;120;35;10;29.675;14.7333333333;12.7571789322;-2.38931818182;0.0863988395863;0.237697631073
2016-21-12;199;64;13;40.9798994975;11.5125628141;25.8945684524;-4.83740079365;0.105814912858;0.250323632956
2016-22-12;232;78;22;29.2931034483;9.35344827586;29.1613708514;-7.48409722222;0.0934365242636;0.275323299186
2016-23-12;214;70;26;32.7943925234;11.8878504673;28.1434568903;-7.92175527597;0.0944939327774;0.293549075535
2016-24-12;129;44;15;30.7596899225;11.4496124031;18.3049684343;-4.17371212121;0.109544622582;0.323073509178
2016-25-12;90;25;12;38.5444444444;19.8333333333;11.1371645022;-3.06388888889;0.0897030623697;0.241096093207
2016-26-12;118;36;13;29.1355932203;15.7457627119;14.602020202;-2.73055555556;0.100605632597;0.229975909213
2016-27-12;139;43;13;38.0071942446;13.654676259;16.6333928571;-3.0125;0.0979920349435;0.231103065599
2016-28-12;222;60;23;22.8378378378;9.54054054054;16.9271461039;-5.50694444444;0.0514423498173;0.20632963483
2016-29-12;208;57;25;31.1971153846;13.1971153846;20.6782171995;-8.09454212454;0.0604984378602;0.252491686999
2016-30-12;123;40;9;34.4552845528;19.1951219512;13.9936544012;-2.02638888889;0.0972948415631;0.246864962048
2016-31-12;116;28;15;28.275862069;11.224137931;9.34028138528;-3.68333333333;0.0487667935513;0.259034215306
