;NumberOfPosts_bitcoin;NumberOfPosts_btc;numberPositive_bitcoin;numberPositive_btc;numberNegative_bitcoin;numberNegative_btc;AverageScore_bitcoin;AverageScore_btc;averageNoComments_bitcoin;averageNoComments_btc;TotalPos_bitcoin;TotalPos_btc;TotalNeg_bitcoin;TotalNeg_btc;AveragePolarity_bitcoin;AveragePolarity_btc;AverageSubjectivity_bitcoin;AverageSubjectivity_btc
2016-01-01;70;82;27;25;9;13;35;26.7195121951;19.1571428571;9.6341463415;10.8022546898;9.6938311688;-2.5534722222;-2.6537698413;0.1178397495;0.0858544064;0.367317048;0.3592422483
2016-02-01;88;67;23;17;9;7;19.7613636364;13.4179104478;15.0795454545;7.2985074627;6.9390656566;5.7419191919;-2.4916666667;-1.7625;0.0505386249;0.0593943163;0.2509562344;0.2603290366
2016-03-01;109;82;32;24;9;11;17.6422018349;22.0975609756;13.3394495413;10.6341463415;10.1706818182;10.4534632035;-2.9686507937;-3.176984127;0.0660736791;0.0887375497;0.2381561354;0.269120649
2016-04-01;138;73;40;23;10;4;20.6811594203;15.7397260274;10.5869565217;9.6164383562;16.0191522367;10.0046969697;-2.6516414141;-1.4363636364;0.0968660205;0.1173744292;0.246766605;0.2720407846
2016-05-01;143;84;37;23;15;8;18.0699300699;18.2023809524;14.6643356643;7.1547619048;11.3074540043;6.6265584416;-4.1597222222;-2.0677083333;0.0499841383;0.0542720251;0.2184929969;0.2744963667
2016-06-01;114;60;30;13;12;10;25.8245614035;18.6666666667;14.7368421053;7.2;12.2525493025;4.6178030303;-1.9;-3.3027777778;0.090811836;0.0219170875;0.2406239188;0.2347631073
2016-07-01;155;93;45;26;21;7;21.4322580645;16.1720430108;14.3612903226;6.6129032258;12.8922907648;7.8643903319;-4.9851731602;-1.8545454546;0.051013662;0.0646219879;0.2484269034;0.2508774768
2016-08-01;136;86;57;21;16;9;20.3529411765;16.5348837209;11.1323529412;6.8953488372;17.805218254;6.5168019481;-3.5423611111;-1.9222222222;0.1048739496;0.0534253456;0.2830632246;0.243184335
2016-09-01;94;71;25;19;6;6;28.3191489362;14.6338028169;18.5106382979;9.323943662;9.3118416306;5.323015873;-1.1340277778;-0.9738095238;0.0869980197;0.0612564275;0.2495794764;0.1887603398
2016-10-01;86;52;22;19;9;8;22.2790697674;28.8461538462;19.1860465116;14.7115384615;9.3596158009;7.2416666667;-2.2236111111;-2.9266666667;0.0829767987;0.0829807692;0.1941648629;0.3090537241
2016-11-01;113;72;24;14;11;9;30.2920353982;21.4722222222;15.8318584071;12.4722222222;9.7304707792;5.2023809524;-3.0694444444;-2.4795454546;0.0589471357;0.0378171597;0.20282807;0.268561057
2016-12-01;147;99;34;24;20;11;16.4013605442;15.6161616162;9.693877551;7.3838383838;9.4927489178;8.8661616162;-4.2608585859;-2.5263888889;0.0355910907;0.0640381084;0.2269921396;0.1976686052
2016-13-01;155;133;51;45;10;20;28.0451612903;24.5563909774;18.8838709677;7.5413533835;16.4622204185;11.5482242063;-3.1227994228;-5.5046428571;0.0860607806;0.0454404613;0.2101730632;0.2626235909
2016-14-01;135;73;33;24;13;8;29.0074074074;26.4794520548;18.9037037037;9.1917808219;10.8343614719;7.4295454546;-4.8666666667;-2.675;0.0442051467;0.0651307597;0.2096814708;0.2482859416
2016-15-01;267;156;79;55;37;23;29.8764044944;24.5897435897;14.808988764;8.2371794872;26.7036147186;14.9134451659;-11.4018308081;-7.6531565657;0.0573100521;0.0465403115;0.2664923783;0.2642095867
2016-16-01;215;162;64;77;38;20;19.3720930233;24.037037037;16.6046511628;9.3456790124;25.0672582973;18.9193686869;-10.4329319986;-4.2038194444;0.0680666339;0.0908367237;0.314046176;0.2713987761
2016-17-01;150;119;35;46;23;27;17.36;28.0420168067;19.5666666667;15.025210084;12.5504148629;12.9577561328;-7.4858585859;-6.9658585859;0.0337637085;0.0503520802;0.2656894661;0.3457818885
2016-18-01;165;142;41;50;21;19;21.4848484848;24.6901408451;16.3878787879;9.2746478873;14.2733892496;13.4927804834;-4.5074786325;-3.9583333333;0.0591873371;0.067143994;0.22002645;0.2646296656
2016-19-01;201;126;48;30;33;21;17.184079602;22.7777777778;14.1144278607;11.7857142857;14.7399981962;7.1831213925;-8.6714862915;-4.9388888889;0.0301916015;0.0178113691;0.2851833425;0.2342661307
2016-20-01;225;143;70;52;40;16;18.5022222222;17.6223776224;14.9244444444;8.2377622378;26.3567609127;16.332498557;-13.5011258418;-2.9446969697;0.0571361559;0.0936209901;0.3034858319;0.2596644113
2016-21-01;195;145;54;42;33;29;17.5384615385;19.3931034483;10.2871794872;13.4275862069;17.5659451659;10.1997790404;-8.9430555556;-7.1669312169;0.0442199467;0.0209161919;0.2396755097;0.2725981282
2016-22-01;211;107;48;29;35;17;20.4739336493;17.8224299065;11.4075829384;9.9906542056;17.5712301587;8.3488407888;-7.509015984;-4.1950126263;0.0476882188;0.0388208239;0.2203523208;0.2850676772
2016-23-01;115;73;33;23;14;16;30.1913043478;27.1095890411;14.0869565217;17.6849315068;14.6004761905;8.2343434343;-3.1101010101;-4.3706691919;0.0999163059;0.0529270444;0.2715752243;0.303501107
2016-24-01;97;84;34;26;13;16;26.7525773196;23.3333333333;16.1134020619;11.7976190476;8.5671879509;7.3650793651;-4.6654761905;-3.8993831169;0.0402238326;0.0412582887;0.2474799356;0.270361008
2016-25-01;155;94;62;36;13;13;19.6516129032;26.4893617021;12.9612903226;12.085106383;22.6796814297;14.8901767677;-3.3704365079;-4.0410714286;0.1245757737;0.1154160142;0.2826139801;0.3958752802
2016-26-01;153;100;41;28;21;13;22.7385620915;14.47;17.5947712418;11.12;14.5051316739;10.5335795455;-5.7426587302;-4.1264583333;0.057271065;0.0640712121;0.2407472838;0.2517558712
2016-27-01;126;89;40;26;11;15;24.8174603175;22.9550561798;12.0238095238;15.7865168539;13.8151298701;6.7010822511;-3.625;-2.7063636364;0.0808740466;0.0448844788;0.2331086088;0.2864508245
2016-28-01;142;88;43;29;19;8;17.7535211268;21.4772727273;16.1830985915;11;16.3024116162;9.0171049784;-4.0375;-1.775;0.086372617;0.0822966475;0.2579364952;0.2628239169
2016-29-01;120;94;42;36;11;14;21.7916666667;22.5106382979;19;14.2234042553;14.3112987013;11.1430194805;-2.7333333333;-3.9694444444;0.0964830447;0.076314628;0.2197535023;0.2786802884
2016-30-01;73;64;21;24;4;2;24.9863013699;13.9375;17.7123287671;6.875;6.6333658009;5.8046969697;-1.225;-0.65;0.0740872028;0.0805421402;0.1901704669;0.2263450915
2016-31-01;93;73;31;24;11;14;11.3655913978;24.8904109589;15.5053763441;12.8767123288;10.4048971861;6.991511544;-3.7694444444;-3.8010416667;0.0713489542;0.0437050668;0.2744896158;0.3205886532
2016-01-02;127;78;36;30;14;10;24.4409448819;25.3461538462;15.6929133858;10.4487179487;12.8454100529;8.5576695527;-4.0888888889;-1.920734127;0.0689489855;0.0850889157;0.2507516769;0.3399050718
2016-02-02;111;85;33;33;10;7;20.954954955;16.3529411765;13.0810810811;9.5764705882;9.9669823232;10.1061417749;-1.9347222222;-2.3476190476;0.0723627036;0.091276738;0.1907226407;0.255701617
2016-03-02;138;84;44;36;19;9;25.0942028986;16.9761904762;15.8043478261;12.8214285714;13.7749485237;10.2219931457;-4.0694444444;-3.8365079365;0.0703297397;0.0760176811;0.2534560458;0.3007006431
2016-04-02;109;67;31;16;18;17;19.6146788991;17.9701492537;10.7798165138;13.2835820896;8.2174350649;4.6588699495;-6.1154761905;-4.4472222222;0.0192840264;0.0031589213;0.268327707;0.3281400761
2016-05-02;115;80;38;31;13;8;20.6;25.2625;16.4434782609;8.725;13.4456529582;6.8752164502;-2.4081313131;-1.5075757576;0.0959784491;0.0670955087;0.2627093293;0.2324948142
2016-06-02;75;73;21;32;7;10;20.4266666667;20.1780821918;14.8533333333;10.5890410959;6.5985606061;9.1767496393;-1.9003968254;-2.5909090909;0.0626421837;0.0902169938;0.2321557961;0.3760784624
2016-07-02;68;62;23;17;11;12;21.4852941176;19.1129032258;21.5735294118;14.6612903226;7.6281926407;6.6765151515;-3.2416666667;-4.1816197691;0.0645077349;0.0402402481;0.3197826479;0.2955194223
2016-08-02;85;64;27;17;10;13;38.5882352941;22.65625;18.0470588235;14.0625;9.255525493;6.285945166;-2.1666666667;-2.1128367003;0.0833983391;0.0652048198;0.2321536089;0.2946349282
2016-09-02;107;79;33;29;12;7;24.4392523364;19.4810126582;11;14.0759493671;8.3768262987;7.1108847403;-3.7611111111;-2.1791666667;0.0431375251;0.0624268111;0.2432891161;0.279278271
2016-10-02;110;80;41;34;9;4;31.2545454545;23.675;15.7090909091;10.425;11.0861958874;9.5956493507;-3.8291666667;-1.4333333333;0.0659729929;0.1020289502;0.2621144563;0.2618385642
2016-11-02;109;102;25;43;14;10;18.5504587156;32.7745098039;16.7247706422;19.8137254902;5.9593434343;12.6258116883;-5.1166666667;-2.4236666667;0.0077309795;0.1000210296;0.2341384024;0.2335202232
2016-12-02;115;83;30;29;15;10;23.6608695652;17.3253012048;14.9130434783;7.9036144578;8.9311769481;6.708277417;-4.4354166667;-4.2628205128;0.0390935677;0.0294633362;0.2049520516;0.2358500402
2016-13-02;72;53;19;20;7;8;20.4722222222;25.6226415094;15.3611111111;17.5849056604;5.7194264069;5.5811237374;-1.4958333333;-1.2930555556;0.0586610149;0.0809069468;0.2577897026;0.2496130782
2016-14-02;82;53;30;22;11;4;23.8292682927;48.0377358491;20.3414634146;19.8301886792;9.4647979798;5.4310606061;-3.1708333333;-1.1818181818;0.0767556664;0.0801743854;0.2775708303;0.2656303602
2016-15-02;109;97;26;42;11;8;15.2752293578;25.587628866;9.7247706422;10.6701030928;8.4851731602;13.3736652237;-3.3027777778;-1.8953703704;0.0475449118;0.1183329366;0.2666610403;0.3019928048
2016-16-02;117;92;29;33;13;10;29.5384615385;20.4347826087;15.7008547009;8.3804347826;7.9576100289;7.694040404;-3.8680555556;-2.4671356421;0.034953457;0.0568141822;0.2332545695;0.2588093081
2016-17-02;127;93;38;31;17;7;37.4330708661;24.7634408602;12.3622047244;12.376344086;11.7414375902;8.1754767917;-6.5383333333;-2.8597695707;0.0409693249;0.0571581422;0.263176975;0.2250683615
2016-18-02;125;80;33;30;10;7;20.352;19.425;14.76;9.3375;10.5448051948;6.8562103175;-3.2976190476;-1.4791666667;0.0579774892;0.0672130456;0.2131222222;0.2387739899
2016-19-02;126;72;47;15;10;9;17.1666666667;21.9722222222;8.4603174603;9.5;20.9574833153;5.1878368507;-2.5795454546;-2.0607954546;0.1458566497;0.0434311305;0.3545896476;0.2163449224
2016-20-02;81;73;27;22;8;13;22.1604938272;29.6575342466;22.024691358;19.1095890411;8.3315825667;7.1518939394;-2.2055555556;-2.2921296296;0.0756299631;0.0665721138;0.2904798648;0.2874613717
2016-21-02;52;77;14;25;7;15;22.8461538462;27.3766233766;18.4615384615;12.4805194805;4.264544252;7.6524981963;-2.8625;-4.5775;0.0269623895;0.0399350415;0.2615567303;0.3480892881
2016-22-02;117;91;29;22;19;20;20.6495726496;26.5934065934;16.6324786325;13.5274725275;9.0293614719;7.478030303;-4.8851851852;-5.2654341029;0.0354203101;0.024314244;0.2560894147;0.2840674537
2016-23-02;118;93;34;40;10;14;20.3220338983;33.6774193548;16.9830508475;14.4301075269;9.3897997836;11.7650865801;-2.2871212121;-3.228030303;0.0601921913;0.0917963041;0.2072254017;0.31098512
2016-24-02;133;89;39;33;14;7;18.6992481203;33.2584269663;18.4736842105;17.2584269663;16.8647655123;11.3548701299;-2.6045995671;-1.6893849206;0.1072192928;0.1086009574;0.2931318285;0.2376013344
2016-25-02;120;127;41;54;9;13;22.5583333333;36.3858267717;17.525;12.2440944882;14.0627164502;15.4909132534;-1.4353174603;-2.9948082011;0.1052283249;0.098394528;0.2384267249;0.2767278726
2016-26-02;121;73;41;32;9;7;22.9008264463;42.4383561644;14.4297520661;12.2054794521;15.4821518759;13.4015025253;-2.0666666667;-1.2666666667;0.1108717786;0.1662306282;0.2669970216;0.3379032621
2016-27-02;76;76;16;30;10;14;25.0921052632;30.5;12.75;8.8157894737;5.6225468976;8.0298953824;-2.4484848485;-3.2104545455;0.0417639743;0.0634136952;0.1758285392;0.3199594393
2016-28-02;60;97;18;42;7;13;15.2666666667;23.4226804124;11.2166666667;10.0412371134;7.7243506494;12.0671401515;-1.723015873;-2.8634920635;0.1000222463;0.09488297;0.2677795815;0.2992976525
2016-29-02;140;121;38;59;14;21;22.05;32.305785124;18.9714285714;13.2809917355;15.3959632035;16.4083766234;-3.324738456;-6.8702979798;0.0862230339;0.0788270962;0.3026150922;0.3955560207
2016-01-03;148;189;54;76;16;29;19.722972973;23.3121693122;19.0540540541;10.2592592593;17.4644318182;24.2332539683;-4.3763888889;-8.2923958333;0.0884327225;0.0843431647;0.3188299013;0.3452230735
2016-02-03;115;108;35;39;14;18;18.9043478261;35.8518518519;13.1304347826;14.6111111111;11.3217424242;10.4603823954;-2.8625;-4.5646969697;0.0735586298;0.0545896799;0.2421805948;0.3016075437
2016-03-03;151;150;45;60;18;13;20.4569536424;24.08;16.2715231788;7.98;15.3001636905;16.4628685666;-4.5276388889;-2.7430555556;0.0713412239;0.0914654201;0.2800089351;0.2875625862
2016-04-03;132;117;37;50;10;16;20.2348484848;32.7692307692;20.2575757576;11.3162393162;11.8928170996;17.4063550685;-1.4004689755;-3.9244444444;0.0794874858;0.1152300053;0.2055605186;0.3156637344
2016-05-03;105;115;37;41;12;18;15.3428571429;27.0608695652;18.0095238095;11.852173913;12.3313416907;11.6906096681;-1.7658232323;-3.7406565657;0.1006239853;0.069130027;0.3211999714;0.2677868122
2016-06-03;101;76;36;26;10;9;16.5841584158;38.9078947368;16.801980198;14.25;10.8467043482;6.5869137807;-2.4652777778;-2.8976190476;0.0829844215;0.0485433518;0.2266105731;0.29681175
2016-07-03;108;95;36;41;12;11;21.2037037037;33.7263157895;18.0555555556;12.5894736842;11.9731150794;13.0883387446;-4.8875;-3.0553571429;0.065607547;0.1056103327;0.2928515479;0.311739956
2016-08-03;119;88;37;25;16;18;15.8067226891;31.3636363636;12.7226890756;9.7386363636;15.4374549062;7.088023088;-2.8141666667;-3.8603174603;0.1060780524;0.036678473;0.288632095;0.2729195993
2016-09-03;116;99;30;36;10;14;17;29.6868686869;10.025862069;10.3838383838;12.2503066378;12.0856511544;-2.6984848485;-3.5729166667;0.0823432913;0.085987217;0.277470518;0.3234222638
2016-10-03;111;73;25;19;14;11;13.5045045045;16.5205479452;9.5225225225;9.3698630137;8.6407683983;5.614724026;-3.7604166667;-1.3998827561;0.0439671327;0.0577375516;0.228231202;0.2309771146
2016-11-03;89;82;26;25;5;10;17.9438202247;25.4390243902;10.6741573034;8.7804878049;9.1428120491;10.0566783911;-1.0055555556;-2.8925;0.0914298482;0.0873680292;0.2266408061;0.3035217154
2016-12-03;56;68;17;20;6;9;57.3214285714;32.3970588235;22.1071428571;19.5588235294;6.8126758658;4.8821969697;-1.7212454213;-1.9410866911;0.0909184008;0.0432516217;0.2212239398;0.2197669161
2016-13-03;75;71;21;32;11;6;23.76;30.2112676056;19.9066666667;15.7042253521;5.313961039;7.0853571429;-2.9964015152;-1.5361111111;0.0309007937;0.0781583948;0.2165634921;0.2487111558
2016-14-03;94;77;26;27;14;12;35.9361702128;33.2467532468;19.9893617021;12.0649350649;10.8406385281;10.9115800866;-3.4990079365;-3.7138888889;0.0781024531;0.0934765091;0.2830553829;0.2992959512
2016-15-03;76;63;23;31;12;7;26;29.5873015873;13.2105263158;17.1111111111;6.282034632;10.4142992424;-2.6288510101;-1.2686507937;0.0480682056;0.145169023;0.234022145;0.2957995488
2016-16-03;111;76;40;28;10;8;25.7477477477;35.5526315789;18.4504504505;15.2236842105;10.1223124098;8.5613636364;-1.475;-2.3059343434;0.0779037154;0.0823082802;0.2661235911;0.3418795568
2016-17-03;81;65;21;20;5;4;29.6666666667;33.6615384615;15.2962962963;14.1846153846;7.4351046176;4.5887608225;-0.95;-0.4151515152;0.08006302;0.064209374;0.2141615004;0.1992101232
2016-18-03;69;73;17;21;9;8;23.7391304348;34.8219178082;15.0144927536;11.8493150685;6.2371969697;5.0123737374;-1.0113455989;-1.8857142857;0.0757369764;0.0428309514;0.2500274223;0.2327993734
2016-19-03;51;50;17;15;6;7;16.0196078431;23.94;18.5294117647;16.88;4.916540404;4.3654040404;-1.9430555556;-2.8179292929;0.0583036245;0.0309494949;0.253912373;0.2728686869
2016-20-03;52;42;9;21;8;6;32.1538461538;50.5;19.6730769231;24.0952380952;3.0893939394;7.6469155844;-1.3486111111;-0.8354166667;0.0334765929;0.1621785457;0.1988320707;0.351716141
2016-21-03;86;69;16;20;11;6;19;29.8115942029;17.523255814;11.2753623188;5.3483766234;5.1510010823;-3.8916666667;-0.8583333333;0.0169384879;0.0622125761;0.2057676013;0.174335226
2016-22-03;88;78;28;21;4;7;17.8977272727;21.7307692308;15.4090909091;13.6666666667;6.6338740981;5.7645779221;-1.2666666667;-1.7166666667;0.0609909935;0.0518962981;0.2258057687;0.242040552
2016-23-03;92;64;31;17;10;11;13.2826086957;22.046875;9.652173913;15.296875;9.0347132035;3.7130411255;-1.9152777778;-3.0117063492;0.0773851677;0.0109583559;0.2656152558;0.1972264498
2016-24-03;73;51;24;15;3;4;32.1780821918;18.8235294118;15.3698630137;14.1764705882;9.9041125541;5.0797619048;-1.2;-0.498989899;0.1192344185;0.0898190589;0.2575987369;0.2173374148
2016-25-03;65;86;23;28;4;7;79.0153846154;15.6627906977;13.9230769231;5.1395348837;10.0461742424;7.7785768398;-0.4583333333;-1.6833333333;0.1475052448;0.0708749245;0.1993508159;0.2526838568
2016-26-03;61;51;17;9;8;9;18.4262295082;19.5490196078;15.9016393443;10.2352941176;4.8512045455;2.3784722222;-2.3423611111;-1.589484127;0.0411285809;0.0154703548;0.2289372117;0.1839402428
2016-27-03;61;41;17;12;6;3;13.5737704918;21.243902439;14.8032786885;10.8048780488;5.6222402597;3.2359307359;-1.2833333333;-0.3693181818;0.0711296217;0.0699173794;0.2223611998;0.1715375298
2016-28-03;82;66;22;23;6;5;21.3292682927;22.803030303;12.243902439;10.9242424242;6.7502056277;7.6239718615;-2.3972222222;-1.4796296296;0.0530851635;0.0930960944;0.2169050699;0.2381705766
2016-29-03;86;58;22;21;18;5;19.988372093;19.3793103448;12.8953488372;9.8448275862;7.4662698413;5.2316504329;-4.9763888889;-2.35;0.0289521041;0.0496836282;0.2535821252;0.30442706
2016-30-03;91;86;26;22;13;9;16.0659340659;15.8139534884;11.7252747253;7.0697674419;9.4598106061;4.9815157528;-3.3861111111;-1.2986111111;0.0667439505;0.0428244726;0.2533219955;0.2225702345
2016-31-03;89;54;30;24;11;5;17.191011236;25.3148148148;9.9325842697;12.1666666667;10.032092803;7.4831709957;-3.7013888889;-1.3388888889;0.0711315047;0.113783002;0.2656821019;0.2866619235
2016-01-04;109;59;28;20;12;6;20.7614678899;20.5593220339;8.247706422;10.0508474576;10.5454058442;6.7748647186;-2.3011363636;-0.9837121212;0.0756354998;0.0981551288;0.2511110449;0.2526949275
2016-02-04;68;37;16;7;10;2;16.5441176471;22.5405405405;10.8088235294;14.1891891892;5.9303030303;3.2142857143;-1.3591269841;-1.1;0.0672231771;0.0571428571;0.2483764907;0.202960103
2016-03-04;64;43;21;18;9;3;37.328125;14.9302325581;15.9375;11.9302325581;8.0049332612;5.1813943001;-1.4601851852;-0.5638888889;0.1022616887;0.1073838468;0.2370826193;0.2406773298
2016-04-04;101;63;21;20;9;6;23.2673267327;22.7619047619;11.5247524752;12.8095238095;7.3761075036;6.4038961039;-1.5833333333;-0.7773737374;0.0573541997;0.0893098788;0.1773426628;0.2437230869
2016-05-04;120;72;37;22;14;12;26.95;19.8055555556;9.4833333333;7;9.7282683983;7.5034090909;-4.1388888889;-3.8678571429;0.0465781626;0.0504937771;0.2638884079;0.2982908199
2016-06-04;82;63;27;24;3;6;22.5975609756;18.3492063492;14.9634146341;11.1111111111;9.6028950217;5.8507786195;-0.4291666667;-1.4657407407;0.111874736;0.0696037759;0.2435412487;0.2392436267
2016-07-04;90;38;24;7;10;6;18.7444444444;23.3157894737;10.1666666667;15.0789473684;8.7431818182;3.1231060606;-2.7068181818;-2.0333333333;0.0670707071;0.0286782297;0.2643965448;0.2156684324
2016-08-04;87;56;26;12;7;7;20.8965517241;14.8214285714;10.4597701149;6.875;7.4594318182;2.9142045455;-2.7583333333;-2.0100694444;0.0540356148;0.0161452697;0.2099085684;0.1894367785
2016-09-04;85;39;17;11;8;4;26.8705882353;23.7692307692;10.8117647059;12.1025641026;5.1973484849;2.7791666667;-1.8793650794;-2.0878787879;0.0390350989;0.0177253302;0.1573119854;0.1857226107
2016-10-04;50;32;13;14;1;2;21.06;17.6875;18.82;13.8125;5.6289502165;4.6706439394;-0.125;-0.325;0.1100790043;0.1358013731;0.1807316017;0.2717405641
2016-11-04;92;67;22;17;6;12;19.5434782609;15.6268656716;10.7608695652;9.8955223881;7.2077200577;7.4750631313;-1.93125;-4.0645833333;0.0573529354;0.0509026836;0.1548273888;0.2910410071
2016-12-04;91;62;20;14;11;10;17.4285714286;15.8870967742;15.9230769231;8.7903225807;5.7762806638;3.1363997114;-2.3813492064;-2.703968254;0.0373069391;0.0069747009;0.1943405801;0.2165961458
2016-13-04;95;42;20;8;12;6;17.9052631579;17;14.1894736842;9.2619047619;8.222979798;2.7375;-2.8760416667;-1.8142857143;0.0562835593;0.0219812925;0.2134744057;0.1951264344
2016-14-04;105;51;18;10;15;8;17.1142857143;26.0980392157;11.8;12.431372549;7.95;2.4427272727;-2.7888888889;-2.5609126984;0.0491534392;-0.0023173613;0.1849055178;0.2329567383
2016-15-04;89;43;22;9;13;6;18.4494382022;17.1162790698;11.8426966292;9.7674418605;10.5902056277;3.2681818182;-3.6601641414;-1.8205808081;0.0778656347;0.0336651398;0.3253084618;0.2120125675
2016-16-04;73;34;24;18;9;3;22.3287671233;20.1176470588;15.9726027397;15.8529411765;7.0390241703;4.0421969697;-2.4220959596;-0.65;0.0632455919;0.0997704991;0.232272579;0.2453052585
2016-17-04;47;30;15;10;7;4;21.6382978723;21.1666666667;18.914893617;14.9;4.78125;2.9412337662;-2.2611111111;-1.5833333333;0.0536199764;0.0452633478;0.2622910334;0.2445989658
2016-18-04;88;61;25;14;4;7;17.4659090909;13.868852459;10.9090909091;8.3114754098;7.7265151515;4.4715367965;-1.0513888889;-1.3469444444;0.0758537075;0.0512228254;0.2138181973;0.2312107019
2016-19-04;106;62;31;11;9;4;18.9433962264;16.1290322581;13.6226415094;7.3387096774;13.1846230159;4.4548160173;-2.2166666667;-1.0805555556;0.1034712863;0.0544235558;0.2340446241;0.1508349625
2016-20-04;114;60;31;21;15;4;14.4298245614;10.3;9.7894736842;7.6666666667;8.488030303;6.0161255411;-3.4444083694;-0.9;0.0442422977;0.085268759;0.2562112774;0.2407900433
2016-21-04;115;74;26;23;17;7;19.8434782609;22.3783783784;8.4173913044;7.8513513514;8.3274350649;7.1671428571;-4.5255952381;-2.0861111111;0.0330594768;0.0686625912;0.2239574001;0.2234835322
2016-22-04;105;45;28;10;13;4;18.0952380952;26.7111111111;12.2952380952;15.1555555556;6.9847204185;5.6265692641;-3.1053571429;-0.9166666667;0.0369463169;0.1046645022;0.2404977668;0.2906144781
2016-23-04;72;43;17;16;3;6;25.0694444444;22.6279069767;16.1111111111;20.2790697674;7.9568181818;2.956998557;-0.4988095238;-2.4045454546;0.1035834536;0.0128477466;0.1745054714;0.2807770395
2016-24-04;75;36;21;8;8;5;31.3466666667;17.8888888889;16.3733333333;8.6666666667;8.3342352092;2.5227272727;-2.0440476191;-0.8416666667;0.0838691679;0.0466961279;0.1852455507;0.161768729
2016-25-04;115;67;36;22;13;6;26.5043478261;18.5671641791;12.6347826087;9.6268656716;12.5345824315;4.98191829;-3.1320535714;-1.8;0.0817611205;0.0474913178;0.2533522178;0.2179648834
2016-26-04;96;69;29;24;14;10;37.40625;15.4347826087;13.9166666667;9.8550724638;8.2943434343;5.920479798;-3.1657407407;-2.5916666667;0.0534229447;0.0482436686;0.2631625531;0.2678782128
2016-27-04;113;64;29;22;9;3;19.3274336283;11.84375;11.6194690265;5.65625;7.4973214286;6.0373448773;-1.4707070707;-0.8;0.0533328704;0.0818335137;0.1853107561;0.2114345464
2016-28-04;115;60;27;17;17;4;23.4956521739;16.2833333333;11.6869565217;5.45;10.1335281385;4.23495671;-4.2429292929;-1.0318181818;0.0512225987;0.0533856421;0.2438259615;0.2105678812
2016-29-04;101;53;30;16;12;5;18.7821782178;15.0566037736;10.9207920792;7.4150943396;9.5955194805;4.9391233766;-3.7087121212;-1.2776515152;0.0582852214;0.0690843747;0.2526951981;0.2331638487
2016-30-04;74;43;12;11;10;6;14.9594594595;12.5581395349;13.8783783784;10.2325581395;4.1027272727;3.9962121212;-2.1184343434;-1.5361111111;0.0268147693;0.0572116514;0.144239533;0.2449494949
2016-01-05;48;33;16;9;1;1;26.8333333333;18.4848484848;21.4375;12.9393939394;4.2356195887;3.9923295455;-0.125;-0.0033333333;0.0856379081;0.1208786731;0.1942768458;0.2129737855
2016-02-05;280;162;70;43;31;22;42.1571428571;22.1419753086;12.7214285714;11.2345679012;21.9016887626;14.1823232323;-9.2483676046;-6.9565223665;0.0451904327;0.044603709;0.2639977582;0.2862045054
2016-03-05;234;133;64;31;32;20;36.9102564103;15.015037594;14.8418803419;8.1203007519;21.9403896104;9.780211039;-8.6871031746;-6.3409848485;0.0566379762;0.0258588435;0.2568218202;0.2574796027
2016-04-05;200;98;59;38;24;11;24.31;25.0408163265;13.165;13.7346938776;18.5895238095;11.9144209957;-6.7302777778;-2.1690476191;0.0592962302;0.0994425855;0.2619625361;0.2837921857
2016-05-05;202;122;54;42;25;18;29.2821782178;22.3196721311;14.9702970297;12.237704918;15.3631782107;12.9119480519;-8.9159722222;-5.553030303;0.0319168613;0.0603189979;0.2505274902;0.3053438365
2016-06-05;176;101;55;36;20;8;23.8920454545;26.297029703;11.7045454545;9.8316831683;19.4110119048;11.4525324675;-6.8458333333;-1.7263888889;0.0713930601;0.0962984513;0.2853815195;0.25079983
2016-07-05;71;63;18;17;15;10;32.6056338028;20;14.6056338028;13.9047619048;5.6710858586;4.7118686869;-3.5065476191;-3.1568181818;0.0304864541;0.0246833414;0.2311896632;0.2970993381
2016-08-05;83;40;25;15;16;2;31.578313253;17.775;14.1084337349;16.225;7.7527777778;6.0438311688;-6.0388888889;-0.2666666667;0.0206492637;0.1444291126;0.3462303761;0.2399918831
2016-09-05;109;60;26;17;10;6;33.495412844;24.35;13.9633027523;13.4666666667;8.8876623377;4.8503787879;-4.1816666667;-1.3958333333;0.0431742722;0.0575757576;0.228964481;0.2477609428
2016-10-05;106;75;29;27;12;10;21.7924528302;15.8133333333;11.8679245283;9.64;10.3086796537;9.5319940476;-3.2337962963;-2.5462962963;0.0667441826;0.0931426367;0.2699304504;0.3261849848
2016-11-05;104;70;28;24;10;7;17.25;14.4285714286;15.25;11.4428571429;11.2067099567;6.1982954546;-3.1714285714;-1.4395833333;0.077262321;0.0679816017;0.2250109266;0.2194327201
2016-12-05;84;72;25;21;11;14;21.630952381;16.0138888889;13.4761904762;10.4166666667;9.757034632;5.8749278499;-3.0159722222;-4.6916666667;0.080250743;0.0164341831;0.2317192976;0.2338636865
2016-13-05;106;45;24;13;7;6;16.4245283019;14.2666666667;9.4433962264;9.9777777778;7.1407359307;3.8761002886;-1.687962963;-1.1851851852;0.0514412544;0.0597981134;0.1853105289;0.292782855
2016-14-05;57;36;18;12;7;2;33.0701754386;18.9722222222;11.9824561404;16.4444444444;7.6131493507;4.7352002165;-1.4863095238;-0.7;0.107488418;0.1120888949;0.2576526544;0.3467006373
2016-15-05;51;27;13;8;8;5;35.862745098;21.8888888889;20.137254902;15.4444444444;4.9462121212;2.8845454546;-1.5541666667;-1.3916666667;0.0665106952;0.055291807;0.3060782899;0.3534624018
2016-16-05;81;53;25;16;4;4;25.6419753086;25.6037735849;12.5555555556;13.8867924528;11.3437085137;5.0658465609;-0.5277777778;-0.9069444444;0.1335300091;0.0784698513;0.2509713092;0.2258428172
2016-17-05;94;55;26;15;11;11;23.1170212766;21.7454545455;12.2765957447;14.0727272727;10.5073268398;5.6532828283;-2.8279761905;-2.2513888889;0.0816952197;0.0618526171;0.2290687652;0.2812006428
2016-18-05;78;66;19;22;9;10;22.9230769231;15.696969697;15.6282051282;11.7727272727;6.2848484849;8.0574359668;-3.1943181818;-2;0.0396221834;0.0917793328;0.2108877234;0.267388714
2016-19-05;81;69;25;26;12;10;29.049382716;23.1739130435;17.6172839506;14.6956521739;9.5468614719;8.402732684;-3.2128367003;-2.112962963;0.0781978367;0.0911560829;0.2360699514;0.3126303581
2016-20-05;79;68;26;14;11;11;26.7594936709;21.3382352941;15.0253164557;15.9558823529;6.5215909091;3.8425595238;-3.4401515152;-2.1952507215;0.0390055619;0.0242251294;0.2772984821;0.2215293958
2016-21-05;55;35;11;7;8;6;23.6;17.2285714286;20.9454545455;12.7142857143;5.0863636364;2.6416666667;-2.0375;-2.125;0.0554338843;0.0147619048;0.2591609275;0.2084863946
2016-22-05;61;52;14;18;6;9;17.1475409836;21.5576923077;13.262295082;14.7884615385;5.0243506494;5.8526515152;-0.6375;-1.4568181818;0.0719155844;0.0845352564;0.1605300665;0.3537691475
2016-23-05;104;62;24;25;19;8;23.4807692308;26.6290322581;17.3653846154;12.4193548387;6.3078102453;7.5044191919;-3.5933922559;-1.421494709;0.026100173;0.0981116852;0.1757396565;0.2911842115
2016-24-05;89;55;22;28;8;5;19.808988764;17.8363636364;17.2134831461;10.5454545455;5.6675685426;9.47120671;-1.9498737374;-0.6458333333;0.0417718517;0.1604613341;0.2162550465;0.3193566509
2016-25-05;96;65;22;28;11;9;21.90625;18.6769230769;13.3229166667;9.5692307692;8.6447655123;10.2151659452;-2.9659722222;-2.6990740741;0.0591540968;0.1156321826;0.2392977769;0.3966728932
2016-26-05;113;49;28;14;11;6;22.4336283186;19.0612244898;9.0707964602;13.7755102041;8.8020779221;4.8382034632;-2.9819444444;-2.480952381;0.051505606;0.0481071649;0.2471524984;0.3836376398
2016-27-05;123;75;25;23;12;11;25.0487804878;19.36;11.5040650407;15.72;10.4947348485;7.0956460207;-3.1833333333;-2.1132539683;0.0594422887;0.066431894;0.2251531576;0.2837769823
2016-28-05;91;43;30;16;9;4;25.3186813187;20.4186046512;16.1208791209;15.2325581395;9.5097402597;4.7002272727;-3.2416666667;-0.5604166667;0.0688799296;0.0962746653;0.2768525126;0.2593231736
2016-29-05;82;45;28;13;14;7;33.2317073171;12.5777777778;13.4390243902;13.9777777778;8.0181818182;2.2339935065;-3.6845117845;-1.5416666667;0.0528496346;0.0153850409;0.292618748;0.1823302068
2016-30-05;116;56;27;23;10;3;26.0344827586;20.75;12.6724137931;11.8571428571;7.8290909091;5.4060984849;-2.8457007576;-1.0009090909;0.0429602599;0.0786640963;0.1823749502;0.2946746805
2016-31-05;125;64;37;21;19;2;25.648;18.921875;11.304;14.078125;13.1435010823;6.0901948052;-5.0888888889;-0.2027777778;0.0644368975;0.0919908911;0.2883200289;0.1669917929
2016-01-06;121;61;41;24;8;5;23.1652892562;17.9344262295;12.3305785124;16.3442622951;14.5047294372;7.3739393939;-1.9125;-0.6535714286;0.1040680119;0.1101699666;0.2492766806;0.2710857994
2016-02-06;137;82;43;32;15;8;21.2846715328;14.4146341463;11.5328467153;12.1463414634;17.7793383049;10.7622727273;-5.5454365079;-2.0263888889;0.0892985533;0.1065351688;0.2839599593;0.237173257
2016-03-06;121;61;35;16;7;9;30.6363636364;20.1147540984;13.958677686;23.4754098361;8.952492785;4.2658008658;-2.15625;-3.3191666667;0.0561672957;0.0155185934;0.210193076;0.2747737918
2016-04-06;96;42;20;14;15;4;25.1145833333;23.8571428571;13.9166666667;21.7380952381;7.7652597403;3.7849603175;-4.5743055556;-0.8916666667;0.0332391061;0.0688879441;0.2520840849;0.2645753023
2016-05-06;87;59;22;13;9;9;19.7701149425;23.8474576271;14.6896551724;22.7627118644;9.9310461761;5.3613636364;-2.1034722222;-2.075;0.0899721144;0.0557010786;0.300004658;0.3077646929
2016-06-06;135;70;40;21;14;7;24.237037037;17.7571428571;11.6148148148;11.1;13.7749440837;5.954099026;-3.1996031746;-1.6893518519;0.0783358586;0.0609249596;0.225016648;0.220526352
2016-07-06;147;76;49;28;14;7;20.6326530612;21.1447368421;12.6666666667;12.8947368421;16.6303697691;8.3916305916;-3.9097222222;-1.9680555556;0.0865350173;0.0845207242;0.2487419506;0.32311182
2016-08-06;122;65;36;23;19;5;23.6393442623;21.6615384615;13.2295081967;13.5538461538;11.8931367244;7.9966702742;-4.5359126984;-1.4166666667;0.060305115;0.1012308247;0.2505535448;0.2878917194
2016-09-06;99;52;26;14;17;4;25.8181818182;17.9230769231;13.3535353535;18.5576923077;7.9793831169;4.2917748918;-5.4230555556;-1.6053787879;0.0258214905;0.0516614635;0.2772102701;0.2028642191
2016-10-06;116;59;36;23;9;2;22.4482758621;13.7966101695;13.8362068966;9.186440678;12.3392316017;7.0292207792;-3.175;-0.8125;0.0790019966;0.1053681488;0.3060953594;0.2641559359
2016-11-06;80;31;14;8;11;5;22.9875;18.1290322581;12.8625;18.3225806452;4.4075090188;2.346875;-3.3069444444;-1.1722222222;0.0137570572;0.0378920251;0.2017733586;0.2013216846
2016-12-06;164;57;43;19;24;4;43.4085365854;22.7719298246;16.9817073171;10.3157894737;15.5697357504;4.9518560606;-8.1645833333;-1.0011904762;0.0451533684;0.0693099225;0.2713382299;0.2634025404
2016-13-06;229;69;68;31;28;9;24.5676855895;19.5942028986;9.8340611354;11.8260869565;28.2733636364;8.9551731602;-6.3080284993;-1.8430555556;0.095918494;0.1030741682;0.3030771894;0.3488144384
2016-14-06;190;68;53;17;25;11;12.9736842105;15.7647058824;11.2842105263;10.2205882353;18.971729798;3.9696320346;-6.3828787879;-2.8641865079;0.0662571106;0.0162565519;0.2635804663;0.2066442524
2016-15-06;184;84;48;28;22;5;22.097826087;26.4761904762;12.2934782609;13.8333333333;15.9423860029;8.2856583694;-4.6699065657;-1.3958333333;0.0612634752;0.0820217266;0.2370472857;0.2664898131
2016-16-06;200;112;57;40;26;16;39.43;23.3839285714;12.77;11.1785714286;20.4340914502;12.8966089466;-7.9542726371;-4.2726010101;0.0623990941;0.0770000709;0.2902254618;0.3865234375
2016-17-06;152;104;33;37;20;20;21.875;18.6442307692;16.2105263158;11.6153846154;13.6971632997;12.0337914863;-3.9431216931;-5.3045959596;0.0641713264;0.0647038031;0.2530817495;0.3184575667
2016-18-06;120;69;27;23;12;7;28.3916666667;19;17.5;16.6376811594;10.8679761905;6.2992928368;-4.8388888889;-1.9400793651;0.0502423942;0.0631770068;0.2313972162;0.2838326462
2016-19-06;66;69;17;23;5;7;37.0454545455;14.884057971;21.9242424242;13.4637681159;5.4731240981;7.0625811688;-0.7833333333;-1.51;0.0710574358;0.0804721909;0.2394004074;0.2585396669
2016-20-06;137;53;33;19;12;7;21.8832116788;16.6037735849;15.3284671533;18.9245283019;11.766504329;5.4224025974;-3.7259776335;-1.1410714286;0.0586899759;0.0807798334;0.2033002865;0.2833369068
2016-21-06;168;59;49;9;21;8;19.880952381;15.6271186441;15.3511904762;13.6610169492;16.7958336108;4.0738095238;-6.8852362915;-1.4135642136;0.0589916507;0.0450889036;0.2727406258;0.1778566537
2016-22-06;157;62;43;16;18;10;17.0063694268;17.6935483871;13.5668789809;13.7258064516;12.7503625541;4.4705880231;-4.7777777778;-2.7875;0.0507807948;0.027146581;0.242429803;0.2551047922
2016-23-06;136;70;41;22;9;9;17.9779411765;18.5571428571;14.3088235294;11.6428571429;13.0315602453;7.4761796537;-1.2050986051;-2.3625;0.0869592768;0.0730525665;0.1990732518;0.2418925479
2016-24-06;158;57;38;13;17;6;30.3227848101;15.1228070175;12.3417721519;10.298245614;13.1545833333;5.016745338;-3.5283549784;-0.8861111111;0.0609254959;0.0724672671;0.224672756;0.2014949256
2016-25-06;86;52;29;11;10;8;27.0581395349;18.6730769231;15.6744186047;11.1153846154;8.9271825397;3.6041666667;-3.1547348485;-1.2527777778;0.0671214848;0.0452190171;0.2202612923;0.2014690171
2016-26-06;79;51;22;15;5;3;24.5063291139;15.7058823529;15.582278481;7.0980392157;8.1665367965;4.2186363636;-0.6270833333;-0.25;0.0954361198;0.0778163993;0.2408323744;0.1883876581
2016-27-06;134;66;30;28;15;4;20.4253731343;20.4242424242;15.6641791045;10.6818181818;9.1754238817;9.3305411255;-3.2291666667;-1.475;0.0443750538;0.1190233504;0.2344835616;0.2482374065
2016-28-06;126;71;41;18;11;9;24.4365079365;21.4647887324;10.7619047619;11.5774647887;12.413219697;4.2303030303;-3.0291666667;-2.1084343434;0.0744766114;0.0298854745;0.2221616677;0.1940692133
2016-29-06;116;65;37;23;17;6;19.5;13.4615384615;14.8189655172;6.3538461539;10.5042640693;8.0106060606;-5.0314213564;-1.0222222222;0.0471796786;0.1075135975;0.2487530477;0.2930545843
2016-30-06;131;100;44;28;12;12;19.0687022901;30.81;12.0458015267;12.14;11.7238852814;7.1653499279;-2.1684207459;-2.8124305556;0.0729424774;0.0435291937;0.2433525952;0.1685213925
2016-01-07;108;71;27;24;11;12;22.8981481481;22.4788732394;14.8055555556;10.676056338;10.275;8.2562878788;-2.9645833333;-3.5568181818;0.0676890432;0.066189714;0.2237874137;0.27946863
2016-02-07;84;55;20;18;8;10;22.0238095238;33.0909090909;20.380952381;17.0545454545;8.4405844156;5.2193386243;-2.3777777778;-2.6202705628;0.0721762695;0.0472557829;0.2661231791;0.2272964931
2016-03-07;91;57;28;14;14;13;27.3846153846;30.6140350877;22.7142857143;23.7192982456;9.840487786;5.1436507937;-3.1095959596;-3.3576388889;0.0739658442;0.0313335422;0.2761060274;0.2845377332
2016-04-07;94;64;24;23;16;7;20.0744680851;13.703125;15.5425531915;11.15625;6.7805735931;9.2798051948;-3.6218253968;-1.63125;0.0336037042;0.1195086749;0.2275402198;0.3025439101
2016-05-07;94;70;23;16;12;7;22.2127659574;19.1285714286;14.3404255319;11.9857142857;6.4817099567;4.5517857143;-3.3749669312;-1.5074074074;0.0330504577;0.0434911187;0.2272375477;0.1630349842
2016-06-07;122;76;31;14;17;13;29.8114754098;11.5789473684;15.1229508197;10.0526315789;9.2828643579;4.9816919192;-6.0970959596;-2.7061958875;0.0261128557;0.0299407373;0.2354018818;0.2232714836
2016-07-07;160;93;36;21;14;11;11.6375;12.9677419355;9.425;10.3440860215;11.2089592352;7.644448052;-3.2565476191;-3.1763888889;0.0497025726;0.0480436469;0.2000422529;0.2701695915
2016-08-07;118;59;40;17;14;9;24.7796610169;15.5762711864;12.3898305085;11.5423728814;14.6724819625;4.3811147186;-3.3578282828;-2.2180555556;0.0958868956;0.0366620197;0.2322232005;0.2038059163
2016-09-07;202;80;57;19;16;14;26.0445544554;17.9;10.4900990099;9.6875;30.1661562049;6.3822510823;-4.2002777778;-2.8812289562;0.1285439526;0.0437627766;0.2743407109;0.1981609247
2016-10-07;87;51;19;17;16;4;30.091954023;18.6862745098;18.183908046;13.4901960784;6.9734415584;4.9729545455;-3.0377705628;-1.0075757576;0.0452375977;0.0777525253;0.2321174802;0.2804686572
2016-11-07;111;70;27;15;16;14;22.7117117117;27.8428571429;13.2702702703;12.4571428571;12.5781836219;7.337012987;-4.2880681818;-2.8496296296;0.0746857247;0.0641054765;0.2325464263;0.2333176063
2016-12-07;131;66;33;13;23;8;29.9236641221;17.2727272727;9.6641221374;10.303030303;12.388030303;5.1922664141;-5.1548763736;-1.2178571429;0.0552149155;0.0602183223;0.2747935038;0.2145094068
2016-13-07;89;64;26;17;9;9;26.3370786517;18.296875;13.5617977528;6.140625;9.2752525253;4.8086459837;-1.3826923077;-2.1318181818;0.0886804519;0.0418254344;0.2087721423;0.2417903552
2016-14-07;106;57;32;19;10;4;25.3867924528;15.8245614035;14.2641509434;11.3157894737;10.9964285714;5.3245400433;-3.1361111111;-0.35;0.0741539383;0.0872726323;0.2902854352;0.2021138705
2016-15-07;75;46;22;14;8;5;26.7733333333;14.4130434783;15.9066666667;12.6086956522;7.3272727273;4.4846861472;-1.5825396825;-0.9862554113;0.0765964406;0.0760528421;0.2327970178;0.2571287408
2016-16-07;74;36;21;14;8;5;32.2027027027;23.25;17.6621621622;27.75;6.7851010101;4.9148809524;-1.8138888889;-0.8961309524;0.0671785422;0.1116319444;0.2496792247;0.2823247355
2016-17-07;63;37;19;11;7;8;22.8888888889;38.4594594595;15.3968253968;28.0810810811;6.7560606061;4.5138888889;-2.5443518519;-1.2180555556;0.0668525199;0.0890765766;0.2730465845;0.2732732733
2016-18-07;92;53;27;16;10;7;27.8913043478;16.0377358491;16.6086956522;15.7547169811;8.886948052;3.3674819625;-2.6694047619;-2.4616666667;0.0675819923;0.0170908546;0.2161471861;0.2543499687
2016-19-07;102;63;26;14;16;13;19.3529411765;16.9047619048;13.6862745098;19.0476190476;8.0295634921;4.5007996633;-4.1193181818;-2.0516594517;0.0383357383;0.0388752415;0.2272035835;0.2138993869
2016-20-07;87;75;30;27;8;14;32.9885057471;28.2266666667;16.7471264368;12.0933333333;12.3017316017;7.7260732323;-1.5922619048;-3.6007936508;0.1230973528;0.0550037278;0.2329582774;0.3249103106
2016-21-07;78;71;15;18;14;11;33.2435897436;26.4366197183;22.3461538462;15.338028169;5.2963383838;6.4795252525;-3.0834325397;-2.9166666667;0.0283705877;0.0501811068;0.2287706506;0.2989571063
2016-22-07;68;66;18;18;11;12;23.8823529412;26.5151515152;18.2352941176;18.9848484848;6.9044372294;5.5541450217;-2.8912518038;-3.2248015873;0.0590174327;0.0352930823;0.2413364209;0.3068387337
2016-23-07;58;52;18;18;4;9;23.5172413793;20.8076923077;22.3275862069;16.2884615385;6.1873051948;6.0679769635;-1.05;-2.4472222222;0.0885742275;0.0696298989;0.2445249291;0.3177585312
2016-24-07;61;36;15;16;5;2;21.1803278689;22.8888888889;18.5573770492;16.5;4.063474026;3.6677435065;-1.3972222222;-0.1083333333;0.043709046;0.0988725048;0.1852278641;0.2620962101
2016-25-07;77;64;14;21;10;3;20.3896103896;14.90625;18.038961039;9.59375;4.0872294372;5.1415836941;-1.3055555556;-0.9;0.0361256348;0.0662747452;0.1752897716;0.2275293673
2016-26-07;107;76;36;34;7;8;22.5794392523;13.5263157895;13.2523364486;10.3026315789;13.5007215007;11.9137220418;-2.9041666667;-1.7277777778;0.0990332227;0.1340255824;0.2864110059;0.3819883516
2016-27-07;96;70;23;17;17;14;23.21875;16.8;13.90625;9.1714285714;8.2934559885;5.1325757576;-4.1501803752;-4.0666666667;0.043159121;0.0152272727;0.2831931292;0.274463925
2016-28-07;90;57;24;15;4;6;22.7222222222;23;18.4222222222;16.7368421053;7.9961201299;3.4686147186;-0.7916666667;-1.965;0.0800494829;0.0263792056;0.1880610871;0.2348002582
2016-29-07;90;57;23;20;11;7;26.5;25.1052631579;18.6;18.4912280702;8.2466901154;5.8977813853;-2.5916666667;-1.8592757937;0.0628335939;0.0708509753;0.2683007656;0.2823507633
2016-30-07;60;48;20;21;4;8;20.4666666667;21.5;18.4;15.9375;7.0576515152;8.3758658009;-1.5958333333;-2.1381313131;0.091030303;0.1299528018;0.2368623737;0.4120024651
2016-31-07;68;51;18;7;9;8;33.6764705882;26.8431372549;19.7352941176;17.5882352941;6.4175348725;1.4211183261;-2.8901515152;-3.818452381;0.0518732847;-0.0470065501;0.2375427507;0.274744999
2016-01-08;78;72;25;23;13;11;27.4871794872;31.5277777778;23.3974358974;14.8055555556;11.3431890332;6.6560606061;-4.5698082011;-3.5361507937;0.0868382158;0.0433320807;0.3402544832;0.3189335819
2016-02-08;135;94;36;35;8;17;21.3333333333;21.2127659574;34.8592592593;12.914893617;13.4933712121;10.4759656085;-3.258531746;-6.2441919192;0.0758136257;0.045018869;0.2243954091;0.3155642993
2016-03-08;328;104;93;32;52;17;21.6280487805;17.1923076923;35.7164634146;8.1153846154;32.720603355;12.4575252525;-15.4731944444;-5.0921296296;0.0525835638;0.0708211118;0.2842909606;0.2636432086
2016-04-08;165;76;53;26;21;10;24.6848484848;15.6710526316;15.4727272727;10.4473684211;15.2652146465;7.9811507937;-5.1505952381;-2.8037946429;0.0613007237;0.0681231072;0.2556017972;0.2871676113
2016-05-08;148;76;31;16;19;13;25.0067567568;20.0526315789;17.5878378378;12.1578947368;9.4995995671;5.4710822511;-5.6972222222;-4.0583333333;0.0256917388;0.0185888015;0.238215407;0.2567396237
2016-06-08;112;57;31;15;12;9;22.8928571429;27.6666666667;23.6160714286;17.3684210526;9.1565692641;5.6669588745;-4.425;-2.425;0.0422461541;0.0568764715;0.2793176987;0.3459590264
2016-07-08;97;40;25;13;13;6;15.8969072165;18.175;18.3092783505;12.975;8.0146536797;4.9194642857;-3.7005952381;-0.7836309524;0.0444748293;0.1033958333;0.269122856;0.3785
2016-08-08;153;58;42;19;20;3;22.1633986928;13.9827586207;16.045751634;13.1379310345;13.5687481962;5.4404694264;-4.7759920635;-0.5395833333;0.0574689943;0.0844980361;0.2678814994;0.1694842514
2016-09-08;120;58;32;19;13;9;31.45;19.3275862069;13.4166666667;12.1551724138;10.2246632997;4.2587815657;-4.2832070707;-2.6944444444;0.0495121352;0.0269713297;0.2543820146;0.2461896676
2016-10-08;134;58;39;20;18;9;16.3656716418;18.8793103448;11.4328358209;15.2068965517;16.3895093795;7.4232954546;-4.7476190476;-1.9153499279;0.0868797786;0.094964578;0.2720668842;0.3029721476
2016-11-08;117;45;24;12;20;7;20.4871794872;15.4;17.0512820513;7.5111111111;7.0279220779;2.4328787879;-5.2666472417;-1.2070512821;0.0150536311;0.0272406112;0.2264886289;0.2120574981
2016-12-08;110;41;27;8;18;6;19.2090909091;24.9024390244;13.1818181818;13.6341463415;9.4598484849;1.3768939394;-4.473989899;-0.7526515152;0.0453259871;0.015225425;0.1918210514;0.1445522296
2016-13-08;65;43;23;15;10;10;35.1384615385;19.5813953488;23.2461538462;22.0465116279;6.7918831169;4.1745670996;-1.309280303;-2.094949495;0.0843477356;0.0483632001;0.2709454434;0.3373196248
2016-14-08;48;48;15;18;9;11;30.3125;20.9583333333;19.3333333333;19.1458333333;6.5045454546;7.2124729437;-2.1111111111;-2.70125;0.0915298822;0.0939838113;0.313415404;0.3524323593
2016-15-08;82;48;21;9;9;9;55.3048780488;21.625;17.243902439;20.1875;8.8036796537;3.1935064935;-2.1333333333;-2.6166666667;0.0813456868;0.0120174964;0.2025232728;0.2267564033
2016-16-08;104;65;28;20;10;6;22.1826923077;15.2923076923;14.8269230769;14.4307692308;10.5024242424;5.5735642136;-1.7118217893;-1.7359848485;0.0845250236;0.0590396825;0.2398646492;0.2563854479
2016-17-08;71;40;20;9;10;6;28.6901408451;19.1;16.0422535211;8.45;7.9378787879;2.5890151515;-2.3111111111;-1.3833333333;0.079250249;0.0301420455;0.298400504;0.2371054293
2016-18-08;88;49;19;14;15;5;18.9545454545;15.2653061224;10.8522727273;9.5510204082;8.1545454546;3.5575757576;-4.4694444444;-1.1902777778;0.0418761478;0.0483122037;0.2155446511;0.20039631
2016-19-08;82;47;23;16;12;10;23.5853658537;18.3829787234;14.6585365854;9.9361702128;6.330974026;5.0432900433;-2.7152777778;-1.7184343434;0.0440938567;0.0707416106;0.1837963696;0.3151591907
2016-20-08;51;26;12;7;6;4;39.3529411765;30.3846153846;16.8235294118;19.8076923077;4.4541666667;1.8670454546;-1.4015873016;-1.075;0.0598544974;0.0304632867;0.2399406059;0.2416083916
2016-21-08;51;35;14;13;8;3;47.2156862745;20.3428571429;17.3529411765;8.1714285714;3.4093777056;4.350232684;-1.7150793651;-0.2333333333;0.0332215361;0.1176256957;0.230832343;0.2041638837
2016-22-08;89;37;19;6;12;3;20.8764044944;18.8648648649;12.7640449438;8.4864864865;6.9053030303;1.5462121212;-2.1194444444;-0.2277777778;0.053773692;0.0356333606;0.2029763931;0.2281872782
2016-23-08;76;45;23;11;11;5;21.9473684211;26.6666666667;15.1184210526;16.8;6.6220021645;3.5929112554;-2.5032407407;-0.7587962963;0.0541942293;0.0629803324;0.2222083064;0.2241148255
2016-24-08;83;61;34;23;4;7;13.1686746988;17.6229508197;12.8915662651;10.3114754098;9.5968344156;5.21;-0.8;-1.3222222222;0.1059859568;0.0637340619;0.2941667101;0.2950956284
2016-25-08;81;50;25;14;8;2;19.4814814815;21.5;13.037037037;11.42;7.4297979798;3.4445075758;-2.9025661376;-0.35;0.0558917511;0.0618901515;0.2540862064;0.2013668831
2016-26-08;84;52;26;18;9;5;16.5476190476;20.1346153846;9.3095238095;18.3269230769;9.1884848485;5.0262193362;-2.405602904;-0.8556547619;0.0807485946;0.0802031649;0.2553960953;0.1956160391
2016-27-08;65;43;12;12;7;7;15.0307692308;20.6976744186;13.7538461538;13.9534883721;3.9230519481;4.6024621212;-1.6666666667;-1.7777777778;0.0347136197;0.0656903336;0.1883433233;0.3421805262
2016-28-08;64;33;27;12;10;5;32.640625;22.696969697;15.84375;19.2424242424;11.4053030303;3.7308080808;-2.6916666667;-1.1166666667;0.1361505682;0.0792164065;0.3615786774;0.2907522192
2016-29-08;74;45;23;12;10;6;24.9594594595;20.0666666667;23.2297297297;13.8;6.3722835498;3.6297348485;-3.1958333333;-1.4611111111;0.0429250029;0.0481916386;0.2161163639;0.2188538159
2016-30-08;66;41;13;7;10;7;22.0151515152;19.4634146341;14.9545454545;10.4390243902;6.2265151515;0.7756493506;-1.8642255892;-1.5901515152;0.0660952964;-0.0198659065;0.1583581121;0.1821085419
2016-31-08;104;57;31;15;6;7;21.25;17.7719298246;8.6634615385;11.5263157895;9.2551136364;6.3335858586;-2.2333333333;-1.7708333333;0.0675171183;0.0800482899;0.2243808275;0.2136518696
2016-01-09;84;44;33;16;12;7;17.8452380952;21.8863636364;8.4642857143;15.8863636364;11.5500396825;4.30004329;-2.9972943723;-1.4702861953;0.1018183966;0.0643126612;0.2712960254;0.3468610073
2016-02-09;81;48;32;13;6;5;21.7777777778;19.875;9.6666666667;7.2708333333;10.5483225108;4.0936111111;-1.4916666667;-1.2406565657;0.111810566;0.059436553;0.290363957;0.175714436
2016-03-09;57;27;16;5;6;4;17.3859649123;28.1481481481;12.9122807018;16.1111111111;5.8601082251;0.994047619;-0.9589285714;-0.7541666667;0.085985608;0.0088844797;0.2472912078;0.1556878307
2016-04-09;59;41;18;19;5;5;17.8305084746;15.7317073171;10.7627118644;10.243902439;5.4859239719;4.5244412879;-1.5125;-1.6375;0.067346169;0.0704132021;0.205499303;0.2932150776
2016-05-09;79;38;21;12;14;3;20.6455696203;18.1842105263;11.1518987342;8.0789473684;8.3692929293;4.9520580808;-3.6222222222;-0.6;0.0600895026;0.1145278442;0.2759311469;0.2440361795
2016-06-09;81;52;26;13;6;4;24.2098765432;15.5;13.2222222222;8.6923076923;5.6534487735;2.974025974;-1.25;-0.5776515152;0.0543635651;0.0460841242;0.2260828746;0.2056474775
2016-07-09;81;48;29;20;7;5;27.037037037;16.9791666667;10.8765432099;5.9791666667;9.1484722222;4.325479798;-2.0111111111;-1.325;0.0881155693;0.0625099958;0.2671968138;0.2724302549
2016-08-09;74;39;19;9;11;3;26.7837837838;19.9487179487;15.1756756757;8.6923076923;6.4508928571;2.5065638528;-2.8638888889;-0.9555555556;0.0484730266;0.0397694435;0.2258831071;0.1872348022
2016-09-09;80;35;24;13;12;4;32.625;18.6;12.8875;20.8285714286;9.1625;4.4407954546;-2.5038194444;-0.65;0.0832335069;0.1083084416;0.2548737374;0.2388614719
2016-10-09;62;30;14;12;7;2;20.064516129;18.2666666667;12.5483870968;16.1;4.4652988216;3.7613636364;-3.0125;-0.325;0.0234322391;0.1145454545;0.2320646946;0.2539015152
2016-11-09;66;39;17;11;8;2;33.6363636364;27.0769230769;14.4848484848;8.717948718;5.6910714286;2.3840692641;-2.7529761905;-0.1130952381;0.0445165945;0.0582301032;0.2199224387;0.177210706
2016-12-09;86;40;31;9;7;5;30.8837209302;19.4;15.6976744186;7.125;9.7050054113;1.6946969697;-1.1172222222;-1.525;0.0998579441;0.0042424242;0.234304381;0.1573011364
2016-13-09;93;43;23;16;9;3;24.064516129;23.0465116279;11.688172043;15.8604651163;7.8705898268;4.4140151515;-3.0233333333;-0.5416666667;0.0521210376;0.0900546159;0.2243955686;0.2367159972
2016-14-09;90;48;25;19;7;5;18.5111111111;15.3333333333;13.6444444444;8.2083333333;8.7673484849;5.8477525253;-2.3595238095;-0.8333333333;0.0711980519;0.1044670665;0.1875605259;0.2614236111
2016-15-09;84;35;25;9;5;2;31.2976190476;23.7428571429;14.869047619;11.7428571429;8.2999098124;2.535966811;-1.0305555556;-0.525;0.0865399316;0.0574561946;0.2012254776;0.1310709132
2016-16-09;87;40;21;10;12;5;27.6781609195;22.975;12.4942528736;18.7;6.7971590909;1.9539772727;-2.0881944444;-1.0767676768;0.0541260304;0.0219302399;0.2240131197;0.1966540404
2016-17-09;61;38;15;9;14;8;19.8032786885;17.9473684211;19.6721311475;11.5526315789;5.5385281385;4.1125;-4.7628787879;-2.3214285714;0.0127155631;0.0471334586;0.2998908878;0.2366332498
2016-18-09;64;24;15;6;5;2;24.265625;27.375;15.875;19.6666666667;4.9712337662;2.3678571429;-0.6763888889;-0.3666666667;0.0671069512;0.0833829365;0.1917598981;0.2503968254
2016-19-09;78;32;18;13;7;2;26.2179487179;23.1875;17.4102564103;20.75;5.5188041126;3.5064033189;-1.3805555556;-0.25;0.0530544687;0.1017626037;0.2231428294;0.3189912518
2016-20-09;77;37;13;9;9;5;25.1428571429;22.8108108108;11.4155844156;16.0540540541;4.0980519481;2.8722267316;-2.3388888889;-1.4797619048;0.0228462735;0.0376341845;0.1745703791;0.223996724
2016-21-09;74;52;26;22;6;2;19.2567567568;20.6923076923;13.9864864865;10.0961538462;10.6992965368;8.0806060606;-1.5013888889;-0.2776515152;0.1242960493;0.1500568182;0.2766618892;0.221348582
2016-22-09;101;50;26;11;12;5;18.8118811881;19.32;11.8217821782;10.48;8.2583116883;4.2727272727;-2.5493055556;-0.9958333333;0.0565248132;0.0655378788;0.206217461;0.1537651515
2016-23-09;82;46;18;18;11;5;15.6585365854;19.0869565217;13.1341463415;12.4565217391;5.36504329;4.2721139971;-2.5400252525;-0.8568181818;0.0344514395;0.0742455612;0.2065447594;0.2750697974
2016-24-09;50;27;10;9;5;3;22.58;28.1481481481;15.56;16.9259259259;3.212012987;1.6873376623;-1.2375;-0.7104166667;0.0394902597;0.0361822591;0.1734603896;0.2482864358
2016-25-09;56;36;14;11;9;2;21.0535714286;19.0555555556;17.0714285714;9.8055555556;4.3044805195;4.130952381;-2.1194444444;-0.4;0.0390185013;0.1036375661;0.2490748042;0.2294312169
2016-26-09;96;50;29;14;9;6;19.59375;25.68;11.7604166667;11.76;8.6747402597;4.2988636364;-2.3374007937;-1.6553571429;0.0660139528;0.0528701299;0.253827505;0.2954285714
2016-27-09;95;48;19;16;10;2;24.6105263158;17.5625;11.0631578947;14.9375;5.9381168831;5.1439393939;-3.125;-0.35;0.0296117567;0.0998737374;0.2069638047;0.2311965137
2016-28-09;100;51;31;15;10;2;17.55;22.7450980392;9.57;19.9803921569;11.9023148148;3.9090909091;-2.1166666667;-0.2;0.0978564815;0.0727272727;0.1944797379;0.2282456922
2016-29-09;88;56;29;15;9;4;17.4659090909;16.9464285714;8.9318181818;13.6964285714;7.2168019481;4.0861111111;-2.0902777778;-0.725;0.0582559565;0.0600198413;0.250301821;0.2284793084
2016-30-09;95;50;22;16;12;8;25.0947368421;18.7;10.2;10.6;6.9939393939;4.1108008658;-4.1984848485;-1.5055555556;0.0294258373;0.0521049062;0.2264832536;0.2580743146
2016-01-10;76;29;29;10;9;0;16.9868421053;22.3103448276;10.9342105263;14.0689655172;8.9856601732;3.5137445887;-3.1069444444;0;0.0773515227;0.1211636065;0.2993454754;0.2328825198
2016-02-10;63;50;17;16;6;7;34.6031746032;22.52;17.6349206349;21.2;5.9176857864;3.436489899;-1.4762626263;-2.9545454546;0.0704987803;0.0096388889;0.2362448178;0.2769949495
2016-03-10;110;54;33;13;15;6;21.3181818182;24.6111111111;10.7727272727;19;10.8262806638;4.441969697;-4.9506313131;-1.7885281385;0.0534149941;0.0491378066;0.2717804834;0.2374815616
2016-04-10;99;52;32;17;7;4;21.2929292929;24.6730769231;7.2323232323;13.6730769231;9.1221296296;5.3830844156;-2.3625;-0.5472222222;0.0682790872;0.0929973499;0.237237624;0.289615454
2016-05-10;90;67;24;18;21;6;26.2;22.8059701493;12.5444444444;14.7910447761;7.6802272727;6.7253787879;-4.5361111111;-0.8916666667;0.034934624;0.0870703302;0.3459717258;0.2384442299
2016-06-10;73;45;15;9;10;4;24.3150684932;18.6222222222;9.5890410959;11.9555555556;5.4885281385;1.8957954546;-1.5869791667;-0.6901515152;0.0534458763;0.0267920875;0.2040913044;0.1785617716
2016-07-10;73;48;21;16;11;5;33.1369863014;22.1458333333;19.0684931507;17.2291666667;8.6292929293;4.732521645;-1.5829112554;-0.7777777778;0.0965257764;0.0823904972;0.2383839125;0.2684993537
2016-08-10;64;49;18;16;9;4;27.59375;25.9387755102;14.15625;16.7755102041;7.0307900433;4.7344426407;-2.6277777778;-0.4722222222;0.0687970666;0.0869840902;0.2597377232;0.2858265601
2016-09-10;55;33;19;17;4;2;56.6181818182;22.5757575758;11.7818181818;10.7272727273;7.1208333333;5.0963014069;-0.5;-0.3916666667;0.1203787879;0.1425646891;0.2449173554;0.3139070904
2016-10-10;80;54;17;13;6;9;19.2375;35.537037037;18.1125;17.9074074074;6.8601082251;3.0837121212;-2.1;-1.9444444444;0.0595013528;0.0210975496;0.2297058983;0.2202651515
2016-11-10;100;70;25;22;12;10;18.99;30.0142857143;14.76;12.7285714286;7.7178841991;6.7975649351;-3.0944444444;-1.2713888889;0.0462343975;0.0789453721;0.2181863997;0.219288961
2016-12-10;115;72;34;20;9;8;21.2608695652;35.0833333333;17.0869565217;16.875;11.8231006494;4.6266720779;-1.8291666667;-2.3763888889;0.0869037738;0.0312539332;0.221713925;0.2608021685
2016-13-10;102;85;28;26;17;10;17.5588235294;27.8823529412;11.931372549;13.7176470588;9.3014565296;7.4248629149;-4.9430555556;-1.6486111111;0.0427294213;0.0679559036;0.291724705;0.3260956201
2016-14-10;77;47;23;18;7;6;37.5324675325;33.2765957447;14.1688311688;16.5531914894;6.8470328283;6.0221031746;-1.9930555556;-1.2111111111;0.0630386659;0.1023615333;0.2175090656;0.3499185241
2016-15-10;70;59;21;18;5;8;19.2285714286;28;20.5;12.2711864407;7.9898809524;5.9287301587;-1.4430555556;-1.4265873016;0.0935260771;0.0763075061;0.3039058957;0.2742265268
2016-16-10;85;41;19;10;9;4;20.8823529412;31.6097560976;15.2235294118;21.5365853659;6.183044733;2.4770382395;-3.3388888889;-0.8722222222;0.033460657;0.0391418541;0.2287570452;0.2279273572
2016-17-10;100;75;29;26;17;12;23.97;29.9866666667;16.99;20.9333333333;9.1732323232;8.4315656566;-4.1208333333;-2.5958333333;0.0505239899;0.0778097643;0.2444773449;0.3222111352
2016-18-10;94;59;28;21;11;7;27.3085106383;28.3050847458;14.0106382979;19.2033898305;8.1837590188;6.5065909091;-2.4583333333;-1.4628787879;0.0609087839;0.0854866461;0.2759908162;0.2913816127
2016-19-10;93;77;18;23;13;14;23.2580645161;20.4935064935;16.0752688172;12.9350649351;6.6992424242;9.4823593074;-2.9819444444;-2.1462179487;0.039970946;0.0952745631;0.1883648311;0.2875469708
2016-20-10;104;70;30;18;9;5;18.375;23.3857142857;12.7211538462;14.5285714286;9.1497564935;6.6048160173;-2.1488247863;-1.4291666667;0.067316651;0.0739378479;0.2219018295;0.205203824
2016-21-10;82;53;22;17;11;11;16.512195122;19.8490566038;10.5853658537;15.641509434;6.6594155844;6.0950974026;-1.6689102564;-2.8319444444;0.0608598211;0.0615689237;0.2784913088;0.2989815949
2016-22-10;74;50;16;17;7;6;31.4189189189;27.26;14.6756756757;24.36;5.3307720058;7.9227272727;-1.4920454546;-0.7833333333;0.0518746831;0.1427878788;0.1508653134;0.2928901515
2016-23-10;71;40;26;13;5;5;27.6901408451;23.35;21.1830985915;20.35;8.2044522607;3.325232684;-0.9755681818;-0.6366792929;0.1018152687;0.0672138348;0.2791433365;0.2666991793
2016-24-10;92;65;23;15;10;10;19.6630434783;26.4461538462;14.1413043478;19.6615384615;4.8039646465;3.1036868687;-1.4958333333;-2.6031944444;0.0359579491;0.0076998834;0.2268384936;0.2668472638
2016-25-10;117;65;27;13;10;9;37.6837606838;17.1538461538;11;12.4461538462;9.9376515152;3.5701028139;-3.5666666667;-1.4205555556;0.054452862;0.0330699578;0.2318573556;0.2129488012
2016-26-10;153;102;42;36;7;12;13.7908496732;31.2647058824;15.4967320261;14.8137254902;14.0097968525;16.3846807359;-3.4599206349;-3.8028585859;0.0689534393;0.1233511976;0.2558821525;0.3986527884
2016-27-10;144;97;40;30;14;13;27.1805555556;19.7010309278;17.4583333333;12.381443299;12.7500829726;8.1491919192;-5.4263888889;-3.1076984127;0.0508589867;0.0519741599;0.2516275603;0.3166106946
2016-28-10;92;80;23;23;8;6;20.8695652174;20.1;10.1739130435;13.5375;7.4112554113;7.6338636364;-0.9430555556;-1.5184343434;0.0703065202;0.0764428662;0.1958219619;0.2527731782
2016-29-10;105;37;30;11;12;6;23.3142857143;17;15.8095238095;23.6486486486;11.9949337121;3.1280844156;-3.5152777778;-1.6;0.0807586279;0.0412995788;0.2700982959;0.3030829531
2016-30-10;72;45;24;14;8;7;25.1666666667;27.7111111111;14.2916666667;18.8888888889;10.3152380952;4.072202381;-2.4638888889;-1.5715007215;0.1090465168;0.055571148;0.2759851742;0.2974583534
2016-31-10;90;50;20;14;13;5;24.3333333333;21.94;14.4555555556;10.2;8.2922402597;5.3695454546;-2.6125;-0.9181818182;0.0631082251;0.0890272727;0.205953824;0.2278363636
2016-01-11;100;66;25;19;8;8;34.45;25.2272727273;13.6;16.7727272727;10.613510101;6.5675865801;-1.2295454546;-1.5555555556;0.0938396465;0.075939864;0.1899469697;0.2745725655
2016-02-11;82;75;24;18;7;14;21.9390243902;17.9066666667;12.243902439;16;8.4723448773;4.8244318182;-2.5055555556;-2.9805555556;0.0727657234;0.0245850168;0.2374351529;0.2486950457
2016-03-11;126;54;31;16;10;3;21.9047619048;21.6481481481;10.6746031746;13.7592592593;9.9978354978;4.3695707071;-2.495;-0.2597222222;0.0595463135;0.0761083053;0.2214254793;0.2330101945
2016-04-11;95;44;33;20;6;3;18.7263157895;24.9545454545;12.7473684211;13.4318181818;11.4908712121;7.9801406926;-2.0935185185;-0.85;0.098919502;0.1620486521;0.2508478899;0.3109721676
2016-05-11;54;36;14;10;6;5;34.5740740741;33.6388888889;15.1851851852;23.3888888889;3.4289177489;3.7620415894;-1.1555555556;-0.6333333333;0.0420992999;0.0869085627;0.2280115307;0.1735548083
2016-06-11;70;43;24;11;10;8;89.9;25.3255813953;19.6714285714;24.1162790698;7.363728355;3.1587121212;-2.2805555556;-2.6055555556;0.0726167543;0.0128641062;0.3396551484;0.2280890298
2016-07-11;102;61;25;15;9;4;15.8333333333;19.1639344262;11.2843137255;15.7049180328;6.7823569024;4.9428451179;-2.57;-1.85;0.0412976167;0.050702379;0.2128158787;0.2149045096
2016-08-11;89;65;28;19;7;8;22.808988764;20.8;10.8314606742;12.2307692308;11.0297619048;7.7601190476;-1.5712121212;-1.5333333333;0.1062758403;0.0957967033;0.2464044944;0.2347793873
2016-09-11;112;52;35;16;10;6;48.3571428571;19.2884615385;14.7053571429;8.2692307692;11.4257575758;3.6265422078;-1.6;-0.9255555556;0.0877299784;0.051942051;0.2205237966;0.258594808
2016-10-11;79;48;25;14;12;4;16.8860759494;18.9375;12.8101265823;11.5208333333;9.7471590909;4.8018993507;-2.5703823954;-0.9916666667;0.0908452746;0.0793798476;0.2891379015;0.2373888438
2016-11-11;88;33;32;15;9;5;33.4204545455;17.4848484848;14.7386363636;7.7272727273;13.6257034632;5.7939393939;-2.2933261183;-0.7722222222;0.1287770153;0.1521732476;0.2925611636;0.3132767065
2016-12-11;57;28;15;7;9;3;34.2807017544;29.8214285714;12.8596491228;19.6071428571;4.6529112554;2.35;-2.5875;-0.62;0.0362352852;0.0617857143;0.2398672186;0.3420833333
2016-13-11;79;30;24;10;10;5;25.0886075949;28.5;17.8734177215;23.2;8.2094534632;2.6688636364;-2.9166666667;-1.3928571429;0.0669973012;0.0425335498;0.2331770234;0.3714392136
2016-14-11;84;64;20;21;3;4;22.1071428571;33.34375;15.5119047619;22.890625;7.2781818182;6.6980519481;-1.0333333333;-1.2;0.0743434343;0.0859070617;0.2124906806;0.275242661
2016-15-11;107;54;29;19;13;4;19.7009345794;28.7407407407;11.785046729;18.462962963;11.0930140693;6.235479798;-4.0902777778;-0.5125;0.0654461336;0.1059811074;0.2390043809;0.3039407969
2016-16-11;124;68;37;17;9;7;21.9193548387;22.75;15.1209677419;9.9117647059;10.0956818182;4.5463816739;-1.6875;-1.8359848485;0.0678079179;0.0398587768;0.210105694;0.2434962546
2016-17-11;119;65;28;20;19;8;27.4117647059;31.6615384615;16.1092436975;26.5076923077;10.0952741703;7.8592340067;-3.9347811448;-2.7183333333;0.051768849;0.0790907796;0.2212509347;0.2934096737
2016-18-11;122;87;26;20;20;13;34.3606557377;27.6091954023;19.4672131148;12.724137931;10.8461796537;6.0336363636;-4.8933226496;-2.9201388889;0.0487939099;0.0357873273;0.2872340023;0.2596759259
2016-19-11;85;63;28;22;9;5;27.6588235294;26.0952380952;16.4117647059;13.5555555556;10.1961975524;5.9704166667;-2.6599206349;-1.0034722222;0.0886620814;0.078840388;0.2432382813;0.2738744016
2016-20-11;90;51;26;20;16;8;25.2333333333;34.9019607843;18.5555555556;20.1960784314;7.8400865801;7.1713095238;-3.2558922559;-2.9537037037;0.0509354925;0.0826981533;0.243992157;0.3106880901
2016-21-11;139;75;37;19;13;7;18.0143884892;32.4;12.9496402878;14;15.2476623377;8.2187554113;-3.7724206349;-1.3375;0.0825556957;0.0917500722;0.2202778167;0.2579610871
2016-22-11;133;90;41;29;16;19;26.3458646617;26.4444444444;15.977443609;18.8777777778;17.913975469;10.3588672439;-4.7986111111;-3.8769570707;0.0986117621;0.0720212241;0.2884819191;0.3566125541
2016-23-11;148;90;37;35;21;10;23.6148648649;26.4666666667;17.972972973;10.3;15.5631583694;12.063713925;-5.858234127;-2.1131944444;0.0655738124;0.1105613276;0.2990272068;0.3446718112
2016-24-11;170;84;48;19;19;14;19.7705882353;26.75;16.9823529412;9.5357142857;16.6470959596;7.7024404762;-4.5805555556;-3.2513888889;0.0709796494;0.0529887094;0.2781131695;0.2787254346
2016-25-11;152;88;53;31;23;20;16.0921052632;26.9886363636;14.2960526316;16.3636363636;19.9977453102;9.9716450217;-4.8916666667;-4.3077777778;0.0993820963;0.0643621278;0.295247826;0.3665271834
2016-26-11;76;61;23;16;15;6;30.4210526316;30.2786885246;18.3026315789;21.4754098361;6.756511544;3.8961976912;-4.175;-1.875;0.0339672572;0.0331343884;0.3091075956;0.2653108367
2016-27-11;92;59;23;12;13;11;18.0869565217;29.3220338983;15.3804347826;17.6949152542;6.0621807359;3.493975469;-2.7712121212;-2.8013888889;0.035771398;0.0117387556;0.1912650574;0.3147076088
2016-28-11;106;74;25;24;15;9;24.8018867925;25.2432432432;18.141509434;10.4459459459;8.6313492064;7.3068371212;-4.53625;-2.5422222222;0.0386330114;0.0643866878;0.2372985924;0.3157839008
2016-29-11;125;76;50;23;15;11;29.768;20.9078947368;16.72;14.2368421053;14.1376803752;6.44308171;-4.35625;-3.2898313492;0.078251443;0.0414901363;0.2978190043;0.2526382955
2016-30-11;125;97;33;35;16;16;18.472;25.2577319588;13.2;15.2268041237;10.9136796537;9.9774981963;-3.8949074074;-5.1520952381;0.056150178;0.0497464222;0.1773742088;0.3621686229
2016-01-12;143;54;45;22;13;5;18.1748251748;25.2777777778;11.8671328671;15.1296296296;15.565726912;4.6376298701;-2.1313492064;-1.1555555556;0.0939466972;0.0644828577;0.2276830619;0.1998860296
2016-02-12;129;67;38;20;12;10;33.3255813953;28.1791044776;19.2868217054;16.552238806;11.3017748918;6.4208585859;-2.8645833333;-3.8186507937;0.0654045857;0.0388389223;0.2109988171;0.3513147466
2016-03-12;96;61;33;24;7;7;40.28125;21.6393442623;17.8645833333;14.6721311475;11.3373538961;7.8958026696;-2.475;-1.1619047619;0.0923161864;0.110391769;0.2597867439;0.3131570979
2016-04-12;87;57;20;16;10;15;24.2413793103;26.4736842105;17.1034482759;10.4035087719;8.2298791486;5.494520202;-2.2172619048;-3.9038215488;0.069110543;0.0279069939;0.2223474482;0.3382397492
2016-05-12;120;84;49;32;8;8;19.8083333333;22.6785714286;16.6416666667;12.1785714286;15.6562157287;10.5468939394;-3.0723214286;-1.6827380952;0.1048657858;0.1055256648;0.3034006133;0.2860175308
2016-06-12;137;71;41;22;14;10;16.8467153285;20.985915493;13.9051094891;8.5774647887;13.0597267316;6.4652462121;-3.5705808081;-2.7208333333;0.0692638389;0.0527382096;0.2483804598;0.2565972701
2016-07-12;133;81;32;21;19;17;25.1127819549;23.975308642;18.9323308271;12.4320987654;9.450487013;5.5925865801;-5.9785984849;-7.1797222222;0.026104425;-0.0195942672;0.2681541516;0.2700158107
2016-08-12;144;78;43;23;17;6;25.8958333333;25.6538461538;19.9097222222;15.6282051282;15.8163744589;7.9232792208;-6.0888888889;-1.0944444444;0.0675519831;0.0875491638;0.2678597566;0.2806746648
2016-09-12;110;70;33;24;13;11;23.8;22.3857142857;15.3090909091;16.8714285714;10.879493747;9.7376406926;-3.7034722222;-3.7920454546;0.0652365593;0.0849370748;0.2489047728;0.3690520511
2016-10-12;97;52;24;16;7;3;26.6391752577;22.2692307692;16.4226804124;13.1538461538;8.3862012987;4.1401461039;-1.3900252525;-0.9;0.0721255262;0.062310502;0.1919922718;0.2705825905
2016-11-12;95;30;23;13;10;0;20.8736842105;23.8333333333;17.2842105263;28.3666666667;9.5424242424;5.0128787879;-4.64375;0;0.051564992;0.1670959596;0.2434894053;0.289486532
2016-12-12;112;50;41;13;16;4;23.9375;22.22;15.3035714286;15.06;10.907398088;4.1093650794;-4.5105808081;-2.21875;0.05711444;0.0378123016;0.2905095921;0.2432654401
2016-13-12;139;56;37;17;16;6;30.7913669065;27.5357142857;18.654676259;16.1964285714;12.2208333333;5.0989718615;-4.4886363636;-3.1226190476;0.0556273163;0.0352920145;0.2054956035;0.2737989912
2016-14-12;143;76;37;21;18;8;21.034965035;34.7236842105;10.2097902098;16.2631578947;12.9211661255;7.6335714286;-4.4603787879;-1.2758922559;0.059166345;0.0836536733;0.2311281395;0.2366864763
2016-15-12;135;58;38;17;12;14;24.1777777778;28.4310344828;13.8296296296;17.6724137931;13.235;3.8297727273;-2.665530303;-4.6580808081;0.0782923681;-0.0142811738;0.229185252;0.3134974747
2016-16-12;128;64;46;14;16;10;26;27.234375;10.9140625;11.796875;16.1370508658;3.3261544012;-4.2401118326;-2.7401515152;0.0929448362;0.0091562951;0.2990800302;0.2315388821
2016-17-12;95;60;34;20;10;8;22.4315789474;30.8166666667;15.1263157895;16.6166666667;15.2495761183;6.7113636364;-2.9791666667;-2.8870238095;0.1291622048;0.0637389971;0.2801007443;0.3550896187
2016-18-12;82;31;26;9;6;6;24.6951219512;31.2258064516;19.8414634146;15.935483871;8.796991342;2.8446969697;-1.8666666667;-1.425;0.0845161546;0.0457966764;0.2395309365;0.3231112973
2016-19-12;126;59;33;27;15;7;19.6349206349;22.4915254237;13.1904761905;18.0338983051;16.5137806638;9.0191558442;-3.2111375661;-2.5103174603;0.1055765325;0.1103192946;0.2493809218;0.3260865312
2016-20-12;122;71;36;22;10;13;29.3770491803;26.5352112676;14.5573770492;17.0845070423;13.4571789322;6.7127597403;-2.3893181818;-2.8037799874;0.0907201701;0.0550560529;0.2387189814;0.3377959931
2016-21-12;201;78;65;24;13;13;40.8955223881;23.0897435897;11.4626865672;14.9102564103;26.1945684524;6.0001731602;-4.8374007937;-3.8201388889;0.1062545655;0.0279491573;0.25181295;0.2382562808
2016-22-12;234;67;78;21;22;11;29.0427350427;25.328358209;9.2735042735;10.8059701493;29.1613708514;6.4837086426;-7.4840972222;-2.8886174242;0.0926379215;0.0536580779;0.2729701086;0.3340074583
2016-23-12;215;65;71;15;26;10;32.4604651163;28.3230769231;11.8604651163;15.6769230769;28.6434568903;3.5924314574;-7.921755276;-2.4125;0.0963800075;0.0181527917;0.2945093124;0.2344608725
2016-24-12;129;39;44;16;15;4;30.4263565891;32.8461538462;11.4418604651;20.2051282051;18.3049684343;5.2188636364;-4.1737121212;-3.2916666667;0.1095446226;0.0494153069;0.3230735092;0.3912948163
2016-25-12;92;30;25;8;13;3;37.9673913043;24.4666666667;20;12.1666666667;11.1371645022;3.5965367965;-3.8638888889;-0.825;0.0790573436;0.0923845599;0.2456374825;0.2719256053
2016-26-12;120;40;36;12;13;7;28.7083333333;26.375;15.6;9.85;14.602020202;4.8458333333;-2.7305555556;-2.0628787879;0.0989288721;0.0695738636;0.2261429774;0.272907197
2016-27-12;143;64;45;25;14;7;36.9370629371;26.234375;13.7272727273;14.03125;16.9964318182;8.2168181818;-3.3291666667;-1.9041666667;0.0955752808;0.0986351799;0.2317974853;0.2924514678
2016-28-12;224;63;60;18;24;2;22.7589285714;20.3968253968;9.4776785714;9.1428571429;16.9271461039;4.584215368;-5.7569444444;-0.4;0.0498669717;0.066416117;0.2056034774;0.1849474335
2016-29-12;210;58;59;22;25;2;30.8761904762;23.0172413793;13.119047619;8.775862069;21.1213990176;6.4318181818;-8.0945421245;-0.4;0.0620326519;0.1039968652;0.2536295728;0.2462730756
2016-30-12;124;49;41;15;9;6;34.0887096774;26.1632653061;19.1048387097;15.7959183673;14.4936544012;5.4713383838;-2.0263888889;-2.3638888889;0.1005424638;0.0634173366;0.2489063736;0.2700551433
2016-31-12;116;36;28;8;15;2;28.224137931;19.0833333333;11.224137931;13.3333333333;9.3402813853;3.7500420875;-3.6833333333;-0.5520833333;0.0487667936;0.0888321876;0.2590342153;0.1891577815
